timestamp,price
2024-11-05 00:00:00,67841.755
2024-11-05 00:01:00,67837.745
2024-11-05 00:02:00,67858.995
2024-11-05 00:03:00,67866.125
2024-11-05 00:04:00,67855.01000000001
2024-11-05 00:05:00,67886.87
2024-11-05 00:06:00,67946.11
2024-11-05 00:07:00,67968.245
2024-11-05 00:08:00,67941.745
2024-11-05 00:09:00,67894.61
2024-11-05 00:10:00,67891.775
2024-11-05 00:11:00,67965.775
2024-11-05 00:12:00,68023.89
2024-11-05 00:13:00,68008.9
2024-11-05 00:14:00,67959.005
2024-11-05 00:15:00,67925.51
2024-11-05 00:16:00,67914.51000000001
2024-11-05 00:17:00,67937.935
2024-11-05 00:18:00,67983.925
2024-11-05 00:19:00,67990.995
2024-11-05 00:20:00,67962.065
2024-11-05 00:21:00,67948.055
2024-11-05 00:22:00,67974.67000000001
2024-11-05 00:23:00,67998.88500000001
2024-11-05 00:24:00,68032.16
2024-11-05 00:25:00,68080.945
2024-11-05 00:26:00,68080.0
2024-11-05 00:27:00,68073.255
2024-11-05 00:28:00,68049.345
2024-11-05 00:29:00,68006.09
2024-11-05 00:30:00,68017.995
2024-11-05 00:31:00,68056.695
2024-11-05 00:32:00,68059.95999999999
2024-11-05 00:33:00,68056.045
2024-11-05 00:34:00,68084.795
2024-11-05 00:35:00,68081.76999999999
2024-11-05 00:36:00,68025.765
2024-11-05 00:37:00,67997.0
2024-11-05 00:38:00,68009.005
2024-11-05 00:39:00,68026.005
2024-11-05 00:40:00,68049.265
2024-11-05 00:41:00,68049.275
2024-11-05 00:42:00,68024.91
2024-11-05 00:43:00,67996.905
2024-11-05 00:44:00,68003.0
2024-11-05 00:45:00,68006.255
2024-11-05 00:46:00,68015.245
2024-11-05 00:47:00,68063.28
2024-11-05 00:48:00,68098.285
2024-11-05 00:49:00,68111.0
2024-11-05 00:50:00,68128.43
2024-11-05 00:51:00,68152.525
2024-11-05 00:52:00,68146.11
2024-11-05 00:53:00,68120.92499999999
2024-11-05 00:54:00,68077.92
2024-11-05 00:55:00,68013.995
2024-11-05 00:56:00,67999.95499999999
2024-11-05 00:57:00,68016.97
2024-11-05 00:58:00,68030.375
2024-11-05 00:59:00,68037.38
2024-11-05 01:00:00,68014.955
2024-11-05 01:01:00,67986.58
2024-11-05 01:02:00,67993.79000000001
2024-11-05 01:03:00,68039.18
2024-11-05 01:04:00,68069.23999999999
2024-11-05 01:05:00,68025.23999999999
2024-11-05 01:06:00,67982.575
2024-11-05 01:07:00,68016.57
2024-11-05 01:08:00,68020.42000000001
2024-11-05 01:09:00,67995.01000000001
2024-11-05 01:10:00,67994.04000000001
2024-11-05 01:11:00,67994.77
2024-11-05 01:12:00,68009.73000000001
2024-11-05 01:13:00,68014.99
2024-11-05 01:14:00,67991.0
2024-11-05 01:15:00,67992.01000000001
2024-11-05 01:16:00,67916.035
2024-11-05 01:17:00,67840.69
2024-11-05 01:18:00,67838.245
2024-11-05 01:19:00,67864.45999999999
2024-11-05 01:20:00,67857.87
2024-11-05 01:21:00,67790.995
2024-11-05 01:22:00,67778.995
2024-11-05 01:23:00,67770.995
2024-11-05 01:24:00,67753.685
2024-11-05 01:25:00,67722.685
2024-11-05 01:26:00,67680.08
2024-11-05 01:27:00,67643.225
2024-11-05 01:28:00,67656.15
2024-11-05 01:29:00,67663.0
2024-11-05 01:30:00,67622.37
2024-11-05 01:31:00,67632.365
2024-11-05 01:32:00,67629.8
2024-11-05 01:33:00,67580.8
2024-11-05 01:34:00,67518.04999999999
2024-11-05 01:35:00,67507.10500000001
2024-11-05 01:36:00,67565.055
2024-11-05 01:37:00,67623.69
2024-11-05 01:38:00,67633.1
2024-11-05 01:39:00,67617.405
2024-11-05 01:40:00,67603.06
2024-11-05 01:41:00,67610.48000000001
2024-11-05 01:42:00,67693.42000000001
2024-11-05 01:43:00,67775.0
2024-11-05 01:44:00,67832.01000000001
2024-11-05 01:45:00,67893.405
2024-11-05 01:46:00,67938.66
2024-11-05 01:47:00,67977.27
2024-11-05 01:48:00,68021.995
2024-11-05 01:49:00,68000.005
2024-11-05 01:50:00,67988.005
2024-11-05 01:51:00,68002.425
2024-11-05 01:52:00,67988.43
2024-11-05 01:53:00,68001.825
2024-11-05 01:54:00,67977.07
2024-11-05 01:55:00,67949.255
2024-11-05 01:56:00,67969.0
2024-11-05 01:57:00,68009.68
2024-11-05 01:58:00,68031.685
2024-11-05 01:59:00,68011.66
2024-11-05 02:00:00,67982.435
2024-11-05 02:01:00,67975.775
2024-11-05 02:02:00,67962.995
2024-11-05 02:03:00,67958.995
2024-11-05 02:04:00,67976.995
2024-11-05 02:05:00,67990.445
2024-11-05 02:06:00,68032.45
2024-11-05 02:07:00,68035.465
2024-11-05 02:08:00,67996.47
2024-11-05 02:09:00,67981.76
2024-11-05 02:10:00,68004.94
2024-11-05 02:11:00,68028.54500000001
2024-11-05 02:12:00,68014.59
2024-11-05 02:13:00,67996.23999999999
2024-11-05 02:14:00,68006.0
2024-11-05 02:15:00,68032.93
2024-11-05 02:16:00,68031.935
2024-11-05 02:17:00,68006.505
2024-11-05 02:18:00,67962.75
2024-11-05 02:19:00,67939.375
2024-11-05 02:20:00,67923.725
2024-11-05 02:21:00,67897.56
2024-11-05 02:22:00,67904.625
2024-11-05 02:23:00,67925.225
2024-11-05 02:24:00,67938.06
2024-11-05 02:25:00,67948.04999999999
2024-11-05 02:26:00,67961.265
2024-11-05 02:27:00,67991.695
2024-11-05 02:28:00,68004.375
2024-11-05 02:29:00,68000.375
2024-11-05 02:30:00,68002.095
2024-11-05 02:31:00,68005.935
2024-11-05 02:32:00,68020.84
2024-11-05 02:33:00,68002.0
2024-11-05 02:34:00,67975.1
2024-11-05 02:35:00,67968.89
2024-11-05 02:36:00,67994.79000000001
2024-11-05 02:37:00,68006.015
2024-11-05 02:38:00,67979.4
2024-11-05 02:39:00,67972.625
2024-11-05 02:40:00,67973.255
2024-11-05 02:41:00,67980.0
2024-11-05 02:42:00,67967.0
2024-11-05 02:43:00,67926.5
2024-11-05 02:44:00,67897.95
2024-11-05 02:45:00,67891.44
2024-11-05 02:46:00,67887.29500000001
2024-11-05 02:47:00,67872.305
2024-11-05 02:48:00,67856.36
2024-11-05 02:49:00,67855.99
2024-11-05 02:50:00,67873.285
2024-11-05 02:51:00,67892.595
2024-11-05 02:52:00,67880.9
2024-11-05 02:53:00,67855.955
2024-11-05 02:54:00,67855.01
2024-11-05 02:55:00,67859.0
2024-11-05 02:56:00,67852.0
2024-11-05 02:57:00,67855.945
2024-11-05 02:58:00,67876.94
2024-11-05 02:59:00,67883.38500000001
2024-11-05 03:00:00,67905.555
2024-11-05 03:01:00,67949.16500000001
2024-11-05 03:02:00,67973.63
2024-11-05 03:03:00,67989.625
2024-11-05 03:04:00,68011.995
2024-11-05 03:05:00,68031.995
2024-11-05 03:06:00,68037.92
2024-11-05 03:07:00,68047.92000000001
2024-11-05 03:08:00,68050.0
2024-11-05 03:09:00,68039.465
2024-11-05 03:10:00,68039.42
2024-11-05 03:11:00,68050.955
2024-11-05 03:12:00,68062.005
2024-11-05 03:13:00,68062.785
2024-11-05 03:14:00,68060.20000000001
2024-11-05 03:15:00,68067.41
2024-11-05 03:16:00,68078.255
2024-11-05 03:17:00,68050.005
2024-11-05 03:18:00,68011.16500000001
2024-11-05 03:19:00,68017.41500000001
2024-11-05 03:20:00,68021.995
2024-11-05 03:21:00,68017.0
2024-11-05 03:22:00,68028.995
2024-11-05 03:23:00,68028.63500000001
2024-11-05 03:24:00,68027.48
2024-11-05 03:25:00,68042.845
2024-11-05 03:26:00,68061.95999999999
2024-11-05 03:27:00,68082.44
2024-11-05 03:28:00,68101.72
2024-11-05 03:29:00,68117.98000000001
2024-11-05 03:30:00,68116.455
2024-11-05 03:31:00,68083.715
2024-11-05 03:32:00,68058.775
2024-11-05 03:33:00,68060.535
2024-11-05 03:34:00,68054.01
2024-11-05 03:35:00,68029.25
2024-11-05 03:36:00,68028.245
2024-11-05 03:37:00,68036.20999999999
2024-11-05 03:38:00,68036.20999999999
2024-11-05 03:39:00,68038.99
2024-11-05 03:40:00,68054.0
2024-11-05 03:41:00,68078.0
2024-11-05 03:42:00,68085.005
2024-11-05 03:43:00,68084.1
2024-11-05 03:44:00,68092.08499999999
2024-11-05 03:45:00,68088.995
2024-11-05 03:46:00,68092.33499999999
2024-11-05 03:47:00,68080.89
2024-11-05 03:48:00,68049.88500000001
2024-11-05 03:49:00,68043.67499999999
2024-11-05 03:50:00,68065.48999999999
2024-11-05 03:51:00,68094.14
2024-11-05 03:52:00,68124.995
2024-11-05 03:53:00,68160.99
2024-11-05 03:54:00,68152.005
2024-11-05 03:55:00,68136.005
2024-11-05 03:56:00,68140.01
2024-11-05 03:57:00,68159.63
2024-11-05 03:58:00,68189.63500000001
2024-11-05 03:59:00,68221.495
2024-11-05 04:00:00,68254.505
2024-11-05 04:01:00,68275.745
2024-11-05 04:02:00,68278.75
2024-11-05 04:03:00,68262.66500000001
2024-11-05 04:04:00,68253.035
2024-11-05 04:05:00,68236.505
2024-11-05 04:06:00,68219.395
2024-11-05 04:07:00,68232.255
2024-11-05 04:08:00,68255.005
2024-11-05 04:09:00,68278.105
2024-11-05 04:10:00,68295.58499999999
2024-11-05 04:11:00,68297.245
2024-11-05 04:12:00,68313.57500000001
2024-11-05 04:13:00,68337.82500000001
2024-11-05 04:14:00,68351.0
2024-11-05 04:15:00,68368.20999999999
2024-11-05 04:16:00,68381.225
2024-11-05 04:17:00,68389.965
2024-11-05 04:18:00,68403.19
2024-11-05 04:19:00,68404.14499999999
2024-11-05 04:20:00,68402.89499999999
2024-11-05 04:21:00,68421.0
2024-11-05 04:22:00,68448.185
2024-11-05 04:23:00,68453.185
2024-11-05 04:24:00,68427.73999999999
2024-11-05 04:25:00,68391.73000000001
2024-11-05 04:26:00,68389.0
2024-11-05 04:27:00,68423.275
2024-11-05 04:28:00,68425.58499999999
2024-11-05 04:29:00,68400.3
2024-11-05 04:30:00,68386.995
2024-11-05 04:31:00,68395.995
2024-11-05 04:32:00,68383.73000000001
2024-11-05 04:33:00,68369.73999999999
2024-11-05 04:34:00,68359.995
2024-11-05 04:35:00,68359.995
2024-11-05 04:36:00,68385.0
2024-11-05 04:37:00,68393.75
2024-11-05 04:38:00,68399.375
2024-11-05 04:39:00,68412.235
2024-11-05 04:40:00,68431.875
2024-11-05 04:41:00,68442.26999999999
2024-11-05 04:42:00,68425.91500000001
2024-11-05 04:43:00,68426.4
2024-11-05 04:44:00,68444.38
2024-11-05 04:45:00,68468.155
2024-11-05 04:46:00,68476.25
2024-11-05 04:47:00,68452.08
2024-11-05 04:48:00,68425.07500000001
2024-11-05 04:49:00,68391.025
2024-11-05 04:50:00,68385.70000000001
2024-11-05 04:51:00,68397.67
2024-11-05 04:52:00,68388.005
2024-11-05 04:53:00,68356.5
2024-11-05 04:54:00,68340.32
2024-11-05 04:55:00,68337.195
2024-11-05 04:56:00,68339.37
2024-11-05 04:57:00,68345.945
2024-11-05 04:58:00,68343.935
2024-11-05 04:59:00,68333.5
2024-11-05 05:00:00,68331.925
2024-11-05 05:01:00,68354.42000000001
2024-11-05 05:02:00,68371.99
2024-11-05 05:03:00,68359.02
2024-11-05 05:04:00,68327.015
2024-11-05 05:05:00,68320.035
2024-11-05 05:06:00,68354.8
2024-11-05 05:07:00,68382.33
2024-11-05 05:08:00,68389.33499999999
2024-11-05 05:09:00,68390.405
2024-11-05 05:10:00,68389.59
2024-11-05 05:11:00,68386.955
2024-11-05 05:12:00,68384.65
2024-11-05 05:13:00,68404.645
2024-11-05 05:14:00,68406.695
2024-11-05 05:15:00,68389.61
2024-11-05 05:16:00,68384.98
2024-11-05 05:17:00,68381.0
2024-11-05 05:18:00,68389.0
2024-11-05 05:19:00,68389.0
2024-11-05 05:20:00,68377.99
2024-11-05 05:21:00,68383.0
2024-11-05 05:22:00,68402.995
2024-11-05 05:23:00,68402.01999999999
2024-11-05 05:24:00,68393.91
2024-11-05 05:25:00,68392.89
2024-11-05 05:26:00,68377.68
2024-11-05 05:27:00,68360.19
2024-11-05 05:28:00,68388.975
2024-11-05 05:29:00,68410.54500000001
2024-11-05 05:30:00,68397.13
2024-11-05 05:31:00,68394.575
2024-11-05 05:32:00,68402.0
2024-11-05 05:33:00,68423.36499999999
2024-11-05 05:34:00,68439.18
2024-11-05 05:35:00,68445.82500000001
2024-11-05 05:36:00,68471.03
2024-11-05 05:37:00,68500.45499999999
2024-11-05 05:38:00,68528.435
2024-11-05 05:39:00,68558.0
2024-11-05 05:40:00,68534.97
2024-11-05 05:41:00,68501.445
2024-11-05 05:42:00,68501.91
2024-11-05 05:43:00,68497.435
2024-11-05 05:44:00,68487.9
2024-11-05 05:45:00,68494.345
2024-11-05 05:46:00,68525.055
2024-11-05 05:47:00,68552.205
2024-11-05 05:48:00,68584.6
2024-11-05 05:49:00,68600.0
2024-11-05 05:50:00,68614.0
2024-11-05 05:51:00,68665.0
2024-11-05 05:52:00,68726.005
2024-11-05 05:53:00,68744.0
2024-11-05 05:54:00,68703.47
2024-11-05 05:55:00,68681.795
2024-11-05 05:56:00,68700.665
2024-11-05 05:57:00,68717.32999999999
2024-11-05 05:58:00,68723.265
2024-11-05 05:59:00,68736.01999999999
2024-11-05 06:00:00,68755.025
2024-11-05 06:01:00,68769.285
2024-11-05 06:02:00,68744.81
2024-11-05 06:03:00,68700.805
2024-11-05 06:04:00,68677.005
2024-11-05 06:05:00,68676.435
2024-11-05 06:06:00,68680.43
2024-11-05 06:07:00,68667.425
2024-11-05 06:08:00,68651.63
2024-11-05 06:09:00,68644.32
2024-11-05 06:10:00,68607.025
2024-11-05 06:11:00,68586.86
2024-11-05 06:12:00,68589.95
2024-11-05 06:13:00,68592.535
2024-11-05 06:14:00,68607.535
2024-11-05 06:15:00,68591.65
2024-11-05 06:16:00,68575.20999999999
2024-11-05 06:17:00,68584.275
2024-11-05 06:18:00,68583.13500000001
2024-11-05 06:19:00,68578.98
2024-11-05 06:20:00,68608.41
2024-11-05 06:21:00,68647.85500000001
2024-11-05 06:22:00,68658.18
2024-11-05 06:23:00,68640.75
2024-11-05 06:24:00,68602.07
2024-11-05 06:25:00,68593.5
2024-11-05 06:26:00,68611.99
2024-11-05 06:27:00,68610.86
2024-11-05 06:28:00,68593.92499999999
2024-11-05 06:29:00,68593.92499999999
2024-11-05 06:30:00,68650.07999999999
2024-11-05 06:31:00,68683.35
2024-11-05 06:32:00,68670.68
2024-11-05 06:33:00,68666.54500000001
2024-11-05 06:34:00,68666.01999999999
2024-11-05 06:35:00,68664.715
2024-11-05 06:36:00,68658.305
2024-11-05 06:37:00,68652.22
2024-11-05 06:38:00,68674.62
2024-11-05 06:39:00,68704.79000000001
2024-11-05 06:40:00,68713.79000000001
2024-11-05 06:41:00,68711.35
2024-11-05 06:42:00,68697.355
2024-11-05 06:43:00,68694.695
2024-11-05 06:44:00,68691.695
2024-11-05 06:45:00,68703.155
2024-11-05 06:46:00,68708.26500000001
2024-11-05 06:47:00,68691.1
2024-11-05 06:48:00,68708.15
2024-11-05 06:49:00,68734.63
2024-11-05 06:50:00,68746.38500000001
2024-11-05 06:51:00,68760.0
2024-11-05 06:52:00,68774.57
2024-11-05 06:53:00,68775.28
2024-11-05 06:54:00,68774.86499999999
2024-11-05 06:55:00,68782.75
2024-11-05 06:56:00,68791.595
2024-11-05 06:57:00,68794.07
2024-11-05 06:58:00,68795.68
2024-11-05 06:59:00,68789.545
2024-11-05 07:00:00,68753.305
2024-11-05 07:01:00,68735.345
2024-11-05 07:02:00,68746.975
2024-11-05 07:03:00,68773.23999999999
2024-11-05 07:04:00,68783.365
2024-11-05 07:05:00,68755.82
2024-11-05 07:06:00,68747.16
2024-11-05 07:07:00,68767.625
2024-11-05 07:08:00,68781.155
2024-11-05 07:09:00,68779.75
2024-11-05 07:10:00,68770.27
2024-11-05 07:11:00,68756.29000000001
2024-11-05 07:12:00,68759.76999999999
2024-11-05 07:13:00,68755.795
2024-11-05 07:14:00,68739.245
2024-11-05 07:15:00,68720.95999999999
2024-11-05 07:16:00,68710.905
2024-11-05 07:17:00,68696.37
2024-11-05 07:18:00,68672.035
2024-11-05 07:19:00,68673.075
2024-11-05 07:20:00,68690.03
2024-11-05 07:21:00,68705.0
2024-11-05 07:22:00,68693.995
2024-11-05 07:23:00,68662.0
2024-11-05 07:24:00,68641.0
2024-11-05 07:25:00,68622.0
2024-11-05 07:26:00,68605.995
2024-11-05 07:27:00,68607.56
2024-11-05 07:28:00,68598.56
2024-11-05 07:29:00,68585.0
2024-11-05 07:30:00,68599.495
2024-11-05 07:31:00,68626.945
2024-11-05 07:32:00,68675.505
2024-11-05 07:33:00,68700.355
2024-11-05 07:34:00,68698.575
2024-11-05 07:35:00,68722.595
2024-11-05 07:36:00,68743.315
2024-11-05 07:37:00,68751.995
2024-11-05 07:38:00,68755.005
2024-11-05 07:39:00,68756.0
2024-11-05 07:40:00,68778.0
2024-11-05 07:41:00,68840.0
2024-11-05 07:42:00,68917.39
2024-11-05 07:43:00,68928.4
2024-11-05 07:44:00,68910.0
2024-11-05 07:45:00,68928.0
2024-11-05 07:46:00,68927.985
2024-11-05 07:47:00,68926.975
2024-11-05 07:48:00,68923.975
2024-11-05 07:49:00,68900.98999999999
2024-11-05 07:50:00,68864.0
2024-11-05 07:51:00,68845.01
2024-11-05 07:52:00,68878.07999999999
2024-11-05 07:53:00,68895.185
2024-11-05 07:54:00,68883.41500000001
2024-11-05 07:55:00,68895.31
2024-11-05 07:56:00,68898.005
2024-11-05 07:57:00,68890.0
2024-11-05 07:58:00,68888.205
2024-11-05 07:59:00,68888.20000000001
2024-11-05 08:00:00,68899.89
2024-11-05 08:01:00,68930.89
2024-11-05 08:02:00,68958.38500000001
2024-11-05 08:03:00,68964.35
2024-11-05 08:04:00,68975.765
2024-11-05 08:05:00,68980.81
2024-11-05 08:06:00,68933.11
2024-11-05 08:07:00,68873.775
2024-11-05 08:08:00,68913.93
2024-11-05 08:09:00,68972.265
2024-11-05 08:10:00,68956.44
2024-11-05 08:11:00,68935.445
2024-11-05 08:12:00,68933.995
2024-11-05 08:13:00,68927.6
2024-11-05 08:14:00,68904.39
2024-11-05 08:15:00,68880.405
2024-11-05 08:16:00,68883.855
2024-11-05 08:17:00,68913.53
2024-11-05 08:18:00,68901.41500000001
2024-11-05 08:19:00,68856.905
2024-11-05 08:20:00,68846.85
2024-11-05 08:21:00,68845.05
2024-11-05 08:22:00,68839.935
2024-11-05 08:23:00,68839.04999999999
2024-11-05 08:24:00,68827.1
2024-11-05 08:25:00,68829.715
2024-11-05 08:26:00,68854.72
2024-11-05 08:27:00,68845.53
2024-11-05 08:28:00,68837.525
2024-11-05 08:29:00,68838.765
2024-11-05 08:30:00,68837.755
2024-11-05 08:31:00,68847.57
2024-11-05 08:32:00,68843.975
2024-11-05 08:33:00,68846.39
2024-11-05 08:34:00,68848.0
2024-11-05 08:35:00,68840.005
2024-11-05 08:36:00,68818.005
2024-11-05 08:37:00,68815.985
2024-11-05 08:38:00,68824.975
2024-11-05 08:39:00,68823.995
2024-11-05 08:40:00,68834.545
2024-11-05 08:41:00,68840.04500000001
2024-11-05 08:42:00,68839.485
2024-11-05 08:43:00,68840.64499999999
2024-11-05 08:44:00,68817.04999999999
2024-11-05 08:45:00,68831.35
2024-11-05 08:46:00,68884.955
2024-11-05 08:47:00,68900.005
2024-11-05 08:48:00,68881.875
2024-11-05 08:49:00,68869.875
2024-11-05 08:50:00,68879.48999999999
2024-11-05 08:51:00,68889.93
2024-11-05 08:52:00,68890.70000000001
2024-11-05 08:53:00,68882.89
2024-11-05 08:54:00,68920.95499999999
2024-11-05 08:55:00,68952.0
2024-11-05 08:56:00,68957.675
2024-11-05 08:57:00,68992.37
2024-11-05 08:58:00,69024.375
2024-11-05 08:59:00,69036.005
2024-11-05 09:00:00,69003.815
2024-11-05 09:01:00,68968.045
2024-11-05 09:02:00,69002.235
2024-11-05 09:03:00,69057.0
2024-11-05 09:04:00,69070.75
2024-11-05 09:05:00,69036.75
2024-11-05 09:06:00,69005.385
2024-11-05 09:07:00,68992.88
2024-11-05 09:08:00,68959.5
2024-11-05 09:09:00,68939.0
2024-11-05 09:10:00,68968.82
2024-11-05 09:11:00,68995.82999999999
2024-11-05 09:12:00,68984.815
2024-11-05 09:13:00,68978.775
2024-11-05 09:14:00,68990.705
2024-11-05 09:15:00,68967.75
2024-11-05 09:16:00,68934.98999999999
2024-11-05 09:17:00,68944.19
2024-11-05 09:18:00,68961.685
2024-11-05 09:19:00,68959.41
2024-11-05 09:20:00,68942.17499999999
2024-11-05 09:21:00,68912.26
2024-11-05 09:22:00,68886.005
2024-11-05 09:23:00,68862.94
2024-11-05 09:24:00,68842.82500000001
2024-11-05 09:25:00,68839.89499999999
2024-11-05 09:26:00,68846.0
2024-11-05 09:27:00,68842.15
2024-11-05 09:28:00,68842.15
2024-11-05 09:29:00,68839.0
2024-11-05 09:30:00,68826.995
2024-11-05 09:31:00,68856.29500000001
2024-11-05 09:32:00,68877.29500000001
2024-11-05 09:33:00,68884.995
2024-11-05 09:34:00,68880.565
2024-11-05 09:35:00,68852.61
2024-11-05 09:36:00,68854.455
2024-11-05 09:37:00,68856.57500000001
2024-11-05 09:38:00,68845.15
2024-11-05 09:39:00,68822.995
2024-11-05 09:40:00,68812.995
2024-11-05 09:41:00,68821.975
2024-11-05 09:42:00,68812.48999999999
2024-11-05 09:43:00,68784.505
2024-11-05 09:44:00,68808.995
2024-11-05 09:45:00,68864.0
2024-11-05 09:46:00,68860.005
2024-11-05 09:47:00,68834.995
2024-11-05 09:48:00,68827.0
2024-11-05 09:49:00,68827.0
2024-11-05 09:50:00,68827.995
2024-11-05 09:51:00,68786.31
2024-11-05 09:52:00,68771.315
2024-11-05 09:53:00,68805.995
2024-11-05 09:54:00,68820.995
2024-11-05 09:55:00,68824.005
2024-11-05 09:56:00,68813.005
2024-11-05 09:57:00,68810.0
2024-11-05 09:58:00,68806.005
2024-11-05 09:59:00,68788.245
2024-11-05 10:00:00,68777.245
2024-11-05 10:01:00,68758.95499999999
2024-11-05 10:02:00,68746.855
2024-11-05 10:03:00,68741.035
2024-11-05 10:04:00,68712.715
2024-11-05 10:05:00,68731.58499999999
2024-11-05 10:06:00,68737.075
2024-11-05 10:07:00,68696.27
2024-11-05 10:08:00,68676.3
2024-11-05 10:09:00,68652.10500000001
2024-11-05 10:10:00,68642.85500000001
2024-11-05 10:11:00,68641.155
2024-11-05 10:12:00,68643.23999999999
2024-11-05 10:13:00,68654.935
2024-11-05 10:14:00,68669.29000000001
2024-11-05 10:15:00,68682.29000000001
2024-11-05 10:16:00,68682.005
2024-11-05 10:17:00,68652.45
2024-11-05 10:18:00,68625.87
2024-11-05 10:19:00,68643.785
2024-11-05 10:20:00,68658.73
2024-11-05 10:21:00,68670.275
2024-11-05 10:22:00,68710.88
2024-11-05 10:23:00,68740.4
2024-11-05 10:24:00,68760.435
2024-11-05 10:25:00,68781.83499999999
2024-11-05 10:26:00,68786.58499999999
2024-11-05 10:27:00,68778.745
2024-11-05 10:28:00,68774.0
2024-11-05 10:29:00,68798.45
2024-11-05 10:30:00,68827.455
2024-11-05 10:31:00,68819.0
2024-11-05 10:32:00,68790.01000000001
2024-11-05 10:33:00,68765.01000000001
2024-11-05 10:34:00,68738.64
2024-11-05 10:35:00,68743.64499999999
2024-11-05 10:36:00,68768.995
2024-11-05 10:37:00,68777.0
2024-11-05 10:38:00,68772.505
2024-11-05 10:39:00,68778.495
2024-11-05 10:40:00,68794.305
2024-11-05 10:41:00,68757.315
2024-11-05 10:42:00,68719.29999999999
2024-11-05 10:43:00,68724.58499999999
2024-11-05 10:44:00,68733.86499999999
2024-11-05 10:45:00,68758.57
2024-11-05 10:46:00,68772.0
2024-11-05 10:47:00,68753.0
2024-11-05 10:48:00,68704.04000000001
2024-11-05 10:49:00,68679.045
2024-11-05 10:50:00,68698.355
2024-11-05 10:51:00,68702.4
2024-11-05 10:52:00,68699.08499999999
2024-11-05 10:53:00,68704.89
2024-11-05 10:54:00,68705.725
2024-11-05 10:55:00,68719.395
2024-11-05 10:56:00,68735.405
2024-11-05 10:57:00,68739.3
2024-11-05 10:58:00,68751.93
2024-11-05 10:59:00,68763.64
2024-11-05 11:00:00,68775.98
2024-11-05 11:01:00,68801.2
2024-11-05 11:02:00,68811.70999999999
2024-11-05 11:03:00,68787.20999999999
2024-11-05 11:04:00,68796.08
2024-11-05 11:05:00,68829.22
2024-11-05 11:06:00,68839.31
2024-11-05 11:07:00,68848.70999999999
2024-11-05 11:08:00,68854.78
2024-11-05 11:09:00,68853.805
2024-11-05 11:10:00,68856.23999999999
2024-11-05 11:11:00,68878.785
2024-11-05 11:12:00,68881.965
2024-11-05 11:13:00,68881.975
2024-11-05 11:14:00,68896.975
2024-11-05 11:15:00,68888.01
2024-11-05 11:16:00,68866.01
2024-11-05 11:17:00,68859.56
2024-11-05 11:18:00,68869.56
2024-11-05 11:19:00,68873.33499999999
2024-11-05 11:20:00,68860.33499999999
2024-11-05 11:21:00,68854.8
2024-11-05 11:22:00,68863.83499999999
2024-11-05 11:23:00,68861.455
2024-11-05 11:24:00,68839.42
2024-11-05 11:25:00,68823.275
2024-11-05 11:26:00,68834.26999999999
2024-11-05 11:27:00,68826.935
2024-11-05 11:28:00,68812.94
2024-11-05 11:29:00,68823.97
2024-11-05 11:30:00,68829.48000000001
2024-11-05 11:31:00,68850.22
2024-11-05 11:32:00,68885.725
2024-11-05 11:33:00,68877.23
2024-11-05 11:34:00,68853.225
2024-11-05 11:35:00,68849.83
2024-11-05 11:36:00,68854.83
2024-11-05 11:37:00,68897.8
2024-11-05 11:38:00,68936.68
2024-11-05 11:39:00,68930.34
2024-11-05 11:40:00,68925.475
2024-11-05 11:41:00,68945.73
2024-11-05 11:42:00,68937.725
2024-11-05 11:43:00,68860.995
2024-11-05 11:44:00,68791.995
2024-11-05 11:45:00,68783.995
2024-11-05 11:46:00,68799.73999999999
2024-11-05 11:47:00,68815.73000000001
2024-11-05 11:48:00,68831.995
2024-11-05 11:49:00,68847.755
2024-11-05 11:50:00,68841.76000000001
2024-11-05 11:51:00,68833.005
2024-11-05 11:52:00,68832.745
2024-11-05 11:53:00,68810.235
2024-11-05 11:54:00,68810.23000000001
2024-11-05 11:55:00,68810.8
2024-11-05 11:56:00,68810.04000000001
2024-11-05 11:57:00,68824.985
2024-11-05 11:58:00,68818.985
2024-11-05 11:59:00,68812.0
2024-11-05 12:00:00,68842.015
2024-11-05 12:01:00,68868.155
2024-11-05 12:02:00,68862.36499999999
2024-11-05 12:03:00,68839.73499999999
2024-11-05 12:04:00,68816.51999999999
2024-11-05 12:05:00,68804.06
2024-11-05 12:06:00,68808.58499999999
2024-11-05 12:07:00,68850.525
2024-11-05 12:08:00,68878.655
2024-11-05 12:09:00,68876.16500000001
2024-11-05 12:10:00,68871.785
2024-11-05 12:11:00,68866.29000000001
2024-11-05 12:12:00,68842.5
2024-11-05 12:13:00,68840.19
2024-11-05 12:14:00,68826.18
2024-11-05 12:15:00,68777.94
2024-11-05 12:16:00,68744.005
2024-11-05 12:17:00,68752.955
2024-11-05 12:18:00,68775.225
2024-11-05 12:19:00,68757.94
2024-11-05 12:20:00,68725.755
2024-11-05 12:21:00,68705.09
2024-11-05 12:22:00,68686.775
2024-11-05 12:23:00,68682.765
2024-11-05 12:24:00,68723.255
2024-11-05 12:25:00,68740.81
2024-11-05 12:26:00,68711.56
2024-11-05 12:27:00,68700.015
2024-11-05 12:28:00,68705.0
2024-11-05 12:29:00,68707.095
2024-11-05 12:30:00,68713.54000000001
2024-11-05 12:31:00,68739.44
2024-11-05 12:32:00,68759.775
2024-11-05 12:33:00,68760.785
2024-11-05 12:34:00,68764.0
2024-11-05 12:35:00,68757.11
2024-11-05 12:36:00,68766.29000000001
2024-11-05 12:37:00,68789.18
2024-11-05 12:38:00,68811.0
2024-11-05 12:39:00,68837.005
2024-11-05 12:40:00,68872.5
2024-11-05 12:41:00,68913.495
2024-11-05 12:42:00,68925.225
2024-11-05 12:43:00,68881.15
2024-11-05 12:44:00,68856.91500000001
2024-11-05 12:45:00,68843.995
2024-11-05 12:46:00,68811.0
2024-11-05 12:47:00,68827.39499999999
2024-11-05 12:48:00,68857.56
2024-11-05 12:49:00,68894.16500000001
2024-11-05 12:50:00,68908.095
2024-11-05 12:51:00,68864.815
2024-11-05 12:52:00,68819.48999999999
2024-11-05 12:53:00,68818.77
2024-11-05 12:54:00,68835.985
2024-11-05 12:55:00,68848.185
2024-11-05 12:56:00,68867.375
2024-11-05 12:57:00,68884.68
2024-11-05 12:58:00,68881.09
2024-11-05 12:59:00,68868.13
2024-11-05 13:00:00,68879.515
2024-11-05 13:01:00,68869.48000000001
2024-11-05 13:02:00,68865.51000000001
2024-11-05 13:03:00,68862.515
2024-11-05 13:04:00,68816.55
2024-11-05 13:05:00,68777.22
2024-11-05 13:06:00,68739.185
2024-11-05 13:07:00,68735.005
2024-11-05 13:08:00,68749.08499999999
2024-11-05 13:09:00,68763.08499999999
2024-11-05 13:10:00,68789.505
2024-11-05 13:11:00,68776.495
2024-11-05 13:12:00,68745.99
2024-11-05 13:13:00,68732.945
2024-11-05 13:14:00,68740.945
2024-11-05 13:15:00,68735.9
2024-11-05 13:16:00,68713.895
2024-11-05 13:17:00,68703.985
2024-11-05 13:18:00,68702.25
2024-11-05 13:19:00,68702.255
2024-11-05 13:20:00,68696.26999999999
2024-11-05 13:21:00,68686.92
2024-11-05 13:22:00,68687.21
2024-11-05 13:23:00,68718.765
2024-11-05 13:24:00,68739.20999999999
2024-11-05 13:25:00,68741.425
2024-11-05 13:26:00,68747.435
2024-11-05 13:27:00,68749.175
2024-11-05 13:28:00,68755.67000000001
2024-11-05 13:29:00,68747.49
2024-11-05 13:30:00,68782.995
2024-11-05 13:31:00,68815.115
2024-11-05 13:32:00,68775.12
2024-11-05 13:33:00,68741.0
2024-11-05 13:34:00,68758.005
2024-11-05 13:35:00,68784.965
2024-11-05 13:36:00,68778.32
2024-11-05 13:37:00,68777.195
2024-11-05 13:38:00,68795.35500000001
2024-11-05 13:39:00,68806.72
2024-11-05 13:40:00,68784.56
2024-11-05 13:41:00,68761.115
2024-11-05 13:42:00,68768.74
2024-11-05 13:43:00,68775.995
2024-11-05 13:44:00,68779.005
2024-11-05 13:45:00,68756.0
2024-11-05 13:46:00,68727.0
2024-11-05 13:47:00,68752.405
2024-11-05 13:48:00,68795.03
2024-11-05 13:49:00,68818.64
2024-11-05 13:50:00,68824.7
2024-11-05 13:51:00,68803.9
2024-11-05 13:52:00,68794.205
2024-11-05 13:53:00,68850.0
2024-11-05 13:54:00,68858.28
2024-11-05 13:55:00,68821.27
2024-11-05 13:56:00,68814.175
2024-11-05 13:57:00,68823.175
2024-11-05 13:58:00,68842.0
2024-11-05 13:59:00,68833.0
2024-11-05 14:00:00,68810.505
2024-11-05 14:01:00,68808.885
2024-11-05 14:02:00,68830.385
2024-11-05 14:03:00,68811.01000000001
2024-11-05 14:04:00,68780.0
2024-11-05 14:05:00,68779.0
2024-11-05 14:06:00,68812.65
2024-11-05 14:07:00,68830.64
2024-11-05 14:08:00,68825.125
2024-11-05 14:09:00,68856.29500000001
2024-11-05 14:10:00,68866.305
2024-11-05 14:11:00,68870.12
2024-11-05 14:12:00,68871.99
2024-11-05 14:13:00,68870.995
2024-11-05 14:14:00,68892.93
2024-11-05 14:15:00,68906.935
2024-11-05 14:16:00,68908.225
2024-11-05 14:17:00,68913.22
2024-11-05 14:18:00,68910.0
2024-11-05 14:19:00,68890.0
2024-11-05 14:20:00,68884.0
2024-11-05 14:21:00,68929.655
2024-11-05 14:22:00,68996.775
2024-11-05 14:23:00,69150.125
2024-11-05 14:24:00,69278.005
2024-11-05 14:25:00,69291.995
2024-11-05 14:26:00,69341.39
2024-11-05 14:27:00,69409.39499999999
2024-11-05 14:28:00,69434.755
2024-11-05 14:29:00,69381.43
2024-11-05 14:30:00,69396.67
2024-11-05 14:31:00,69499.995
2024-11-05 14:32:00,69657.245
2024-11-05 14:33:00,69741.65
2024-11-05 14:34:00,69733.4
2024-11-05 14:35:00,69741.995
2024-11-05 14:36:00,69710.06
2024-11-05 14:37:00,69669.575
2024-11-05 14:38:00,69692.51999999999
2024-11-05 14:39:00,69764.0
2024-11-05 14:40:00,69833.98999999999
2024-11-05 14:41:00,69835.985
2024-11-05 14:42:00,69817.01
2024-11-05 14:43:00,69867.0
2024-11-05 14:44:00,69936.13500000001
2024-11-05 14:45:00,69984.76000000001
2024-11-05 14:46:00,69984.625
2024-11-05 14:47:00,69983.0
2024-11-05 14:48:00,70062.005
2024-11-05 14:49:00,70152.505
2024-11-05 14:50:00,70211.5
2024-11-05 14:51:00,70288.0
2024-11-05 14:52:00,70200.83
2024-11-05 14:53:00,70052.83
2024-11-05 14:54:00,69985.225
2024-11-05 14:55:00,69878.73000000001
2024-11-05 14:56:00,69886.005
2024-11-05 14:57:00,69961.31
2024-11-05 14:58:00,69930.81
2024-11-05 14:59:00,69932.005
2024-11-05 15:00:00,69984.01
2024-11-05 15:01:00,69961.945
2024-11-05 15:02:00,69905.83499999999
2024-11-05 15:03:00,69856.88
2024-11-05 15:04:00,69859.49
2024-11-05 15:05:00,69840.485
2024-11-05 15:06:00,69721.985
2024-11-05 15:07:00,69684.995
2024-11-05 15:08:00,69758.0
2024-11-05 15:09:00,69864.005
2024-11-05 15:10:00,69919.005
2024-11-05 15:11:00,69867.095
2024-11-05 15:12:00,69885.095
2024-11-05 15:13:00,69958.5
2024-11-05 15:14:00,69955.495
2024-11-05 15:15:00,69927.995
2024-11-05 15:16:00,69892.0
2024-11-05 15:17:00,69889.005
2024-11-05 15:18:00,69862.005
2024-11-05 15:19:00,69796.995
2024-11-05 15:20:00,69773.0
2024-11-05 15:21:00,69723.70999999999
2024-11-05 15:22:00,69677.715
2024-11-05 15:23:00,69644.09
2024-11-05 15:24:00,69611.905
2024-11-05 15:25:00,69623.825
2024-11-05 15:26:00,69635.005
2024-11-05 15:27:00,69617.0
2024-11-05 15:28:00,69559.19
2024-11-05 15:29:00,69465.19
2024-11-05 15:30:00,69391.86
2024-11-05 15:31:00,69333.865
2024-11-05 15:32:00,69326.005
2024-11-05 15:33:00,69304.005
2024-11-05 15:34:00,69273.0
2024-11-05 15:35:00,69353.475
2024-11-05 15:36:00,69467.655
2024-11-05 15:37:00,69535.18
2024-11-05 15:38:00,69577.35
2024-11-05 15:39:00,69616.35
2024-11-05 15:40:00,69607.005
2024-11-05 15:41:00,69572.0
2024-11-05 15:42:00,69640.41500000001
2024-11-05 15:43:00,69704.375
2024-11-05 15:44:00,69697.63500000001
2024-11-05 15:45:00,69734.675
2024-11-05 15:46:00,69744.0
2024-11-05 15:47:00,69698.905
2024-11-05 15:48:00,69635.89499999999
2024-11-05 15:49:00,69593.99
2024-11-05 15:50:00,69558.0
2024-11-05 15:51:00,69538.0
2024-11-05 15:52:00,69518.995
2024-11-05 15:53:00,69536.0
2024-11-05 15:54:00,69586.995
2024-11-05 15:55:00,69580.785
2024-11-05 15:56:00,69576.78
2024-11-05 15:57:00,69590.995
2024-11-05 15:58:00,69574.0
2024-11-05 15:59:00,69598.99
2024-11-05 16:00:00,69602.6
2024-11-05 16:01:00,69564.305
2024-11-05 16:02:00,69601.09
2024-11-05 16:03:00,69653.29000000001
2024-11-05 16:04:00,69697.91500000001
2024-11-05 16:05:00,69689.0
2024-11-05 16:06:00,69662.0
2024-11-05 16:07:00,69682.04000000001
2024-11-05 16:08:00,69728.405
2024-11-05 16:09:00,69808.36499999999
2024-11-05 16:10:00,69813.985
2024-11-05 16:11:00,69758.945
2024-11-05 16:12:00,69765.95999999999
2024-11-05 16:13:00,69820.995
2024-11-05 16:14:00,69834.01000000001
2024-11-05 16:15:00,69833.755
2024-11-05 16:16:00,69896.745
2024-11-05 16:17:00,69918.485
2024-11-05 16:18:00,69916.48000000001
2024-11-05 16:19:00,69897.0
2024-11-05 16:20:00,69864.005
2024-11-05 16:21:00,69891.54500000001
2024-11-05 16:22:00,69926.55
2024-11-05 16:23:00,69944.995
2024-11-05 16:24:00,69957.85
2024-11-05 16:25:00,69959.855
2024-11-05 16:26:00,69927.005
2024-11-05 16:27:00,69907.25
2024-11-05 16:28:00,69904.76999999999
2024-11-05 16:29:00,69939.52
2024-11-05 16:30:00,69981.975
2024-11-05 16:31:00,70055.795
2024-11-05 16:32:00,70160.815
2024-11-05 16:33:00,70221.995
2024-11-05 16:34:00,70350.705
2024-11-05 16:35:00,70427.715
2024-11-05 16:36:00,70412.0
2024-11-05 16:37:00,70400.0
2024-11-05 16:38:00,70296.0
2024-11-05 16:39:00,70240.995
2024-11-05 16:40:00,70240.005
2024-11-05 16:41:00,70181.01000000001
2024-11-05 16:42:00,70128.0
2024-11-05 16:43:00,70072.0
2024-11-05 16:44:00,70092.0
2024-11-05 16:45:00,70093.005
2024-11-05 16:46:00,70060.99
2024-11-05 16:47:00,70078.88
2024-11-05 16:48:00,70011.88
2024-11-05 16:49:00,69993.345
2024-11-05 16:50:00,70056.955
2024-11-05 16:51:00,70117.62
2024-11-05 16:52:00,70201.63500000001
2024-11-05 16:53:00,70231.625
2024-11-05 16:54:00,70225.155
2024-11-05 16:55:00,70223.255
2024-11-05 16:56:00,70224.1
2024-11-05 16:57:00,70186.535
2024-11-05 16:58:00,70127.36499999999
2024-11-05 16:59:00,70151.82999999999
2024-11-05 17:00:00,70178.98999999999
2024-11-05 17:01:00,70164.81
2024-11-05 17:02:00,70132.08
2024-11-05 17:03:00,70124.22
2024-11-05 17:04:00,70173.965
2024-11-05 17:05:00,70231.64
2024-11-05 17:06:00,70294.875
2024-11-05 17:07:00,70344.655
2024-11-05 17:08:00,70326.42
2024-11-05 17:09:00,70290.005
2024-11-05 17:10:00,70311.005
2024-11-05 17:11:00,70324.04000000001
2024-11-05 17:12:00,70334.57
2024-11-05 17:13:00,70355.63500000001
2024-11-05 17:14:00,70396.1
2024-11-05 17:15:00,70439.0
2024-11-05 17:16:00,70387.0
2024-11-05 17:17:00,70314.0
2024-11-05 17:18:00,70326.61499999999
2024-11-05 17:19:00,70373.60500000001
2024-11-05 17:20:00,70375.985
2024-11-05 17:21:00,70341.8
2024-11-05 17:22:00,70333.35
2024-11-05 17:23:00,70321.55
2024-11-05 17:24:00,70291.005
2024-11-05 17:25:00,70274.81
2024-11-05 17:26:00,70273.805
2024-11-05 17:27:00,70249.365
2024-11-05 17:28:00,70204.625
2024-11-05 17:29:00,70162.22
2024-11-05 17:30:00,70128.70999999999
2024-11-05 17:31:00,70126.20499999999
2024-11-05 17:32:00,70070.72
2024-11-05 17:33:00,70010.245
2024-11-05 17:34:00,70021.995
2024-11-05 17:35:00,70027.235
2024-11-05 17:36:00,70023.245
2024-11-05 17:37:00,70056.015
2024-11-05 17:38:00,70080.0
2024-11-05 17:39:00,70109.0
2024-11-05 17:40:00,70150.0
2024-11-05 17:41:00,70176.325
2024-11-05 17:42:00,70178.86
2024-11-05 17:43:00,70135.54000000001
2024-11-05 17:44:00,70106.995
2024-11-05 17:45:00,70045.07
2024-11-05 17:46:00,69947.745
2024-11-05 17:47:00,69942.675
2024-11-05 17:48:00,69990.01
2024-11-05 17:49:00,70008.01
2024-11-05 17:50:00,70004.035
2024-11-05 17:51:00,69995.03
2024-11-05 17:52:00,70042.98999999999
2024-11-05 17:53:00,70098.055
2024-11-05 17:54:00,70107.38
2024-11-05 17:55:00,70077.74
2024-11-05 17:56:00,70029.23999999999
2024-11-05 17:57:00,70014.735
2024-11-05 17:58:00,69982.815
2024-11-05 17:59:00,69950.72
2024-11-05 18:00:00,69955.82999999999
2024-11-05 18:01:00,69990.995
2024-11-05 18:02:00,70010.0
2024-11-05 18:03:00,70010.0
2024-11-05 18:04:00,70037.995
2024-11-05 18:05:00,70038.95999999999
2024-11-05 18:06:00,70025.955
2024-11-05 18:07:00,70015.005
2024-11-05 18:08:00,70020.005
2024-11-05 18:09:00,70067.0
2024-11-05 18:10:00,70094.0
2024-11-05 18:11:00,69978.005
2024-11-05 18:12:00,69849.35500000001
2024-11-05 18:13:00,69832.82
2024-11-05 18:14:00,69804.42499999999
2024-11-05 18:15:00,69761.965
2024-11-05 18:16:00,69814.505
2024-11-05 18:17:00,69883.495
2024-11-05 18:18:00,69886.145
2024-11-05 18:19:00,69847.66
2024-11-05 18:20:00,69792.515
2024-11-05 18:21:00,69808.695
2024-11-05 18:22:00,69853.69
2024-11-05 18:23:00,69873.79500000001
2024-11-05 18:24:00,69890.255
2024-11-05 18:25:00,69876.17499999999
2024-11-05 18:26:00,69861.785
2024-11-05 18:27:00,69873.055
2024-11-05 18:28:00,69917.0
2024-11-05 18:29:00,69983.25
2024-11-05 18:30:00,69990.88500000001
2024-11-05 18:31:00,69967.355
2024-11-05 18:32:00,69945.15
2024-11-05 18:33:00,70008.42499999999
2024-11-05 18:34:00,70054.01000000001
2024-11-05 18:35:00,70046.025
2024-11-05 18:36:00,70084.26000000001
2024-11-05 18:37:00,70078.11
2024-11-05 18:38:00,70062.07500000001
2024-11-05 18:39:00,70098.945
2024-11-05 18:40:00,70133.695
2024-11-05 18:41:00,70147.0
2024-11-05 18:42:00,70163.525
2024-11-05 18:43:00,70185.51999999999
2024-11-05 18:44:00,70175.45
2024-11-05 18:45:00,70147.51999999999
2024-11-05 18:46:00,70093.495
2024-11-05 18:47:00,70058.43
2024-11-05 18:48:00,70086.995
2024-11-05 18:49:00,70137.43
2024-11-05 18:50:00,70153.445
2024-11-05 18:51:00,70184.265
2024-11-05 18:52:00,70207.245
2024-11-05 18:53:00,70207.995
2024-11-05 18:54:00,70229.98999999999
2024-11-05 18:55:00,70226.5
2024-11-05 18:56:00,70242.505
2024-11-05 18:57:00,70240.99
2024-11-05 18:58:00,70221.0
2024-11-05 18:59:00,70221.995
2024-11-05 19:00:00,70232.41500000001
2024-11-05 19:01:00,70251.38
2024-11-05 19:02:00,70242.84
2024-11-05 19:03:00,70204.285
2024-11-05 19:04:00,70197.23000000001
2024-11-05 19:05:00,70159.82
2024-11-05 19:06:00,70105.995
2024-11-05 19:07:00,70100.005
2024-11-05 19:08:00,70131.0
2024-11-05 19:09:00,70176.325
2024-11-05 19:10:00,70161.32
2024-11-05 19:11:00,70119.995
2024-11-05 19:12:00,70112.0
2024-11-05 19:13:00,70093.48000000001
2024-11-05 19:14:00,70037.625
2024-11-05 19:15:00,70000.14499999999
2024-11-05 19:16:00,69984.005
2024-11-05 19:17:00,69965.005
2024-11-05 19:18:00,69955.01
2024-11-05 19:19:00,69952.0
2024-11-05 19:20:00,69938.8
2024-11-05 19:21:00,69910.79999999999
2024-11-05 19:22:00,69882.005
2024-11-05 19:23:00,69907.505
2024-11-05 19:24:00,69960.505
2024-11-05 19:25:00,69959.01
2024-11-05 19:26:00,69994.005
2024-11-05 19:27:00,70049.995
2024-11-05 19:28:00,70072.0
2024-11-05 19:29:00,70055.13
2024-11-05 19:30:00,70004.125
2024-11-05 19:31:00,69963.005
2024-11-05 19:32:00,69949.94
2024-11-05 19:33:00,69947.935
2024-11-05 19:34:00,69912.86499999999
2024-11-05 19:35:00,69897.86
2024-11-05 19:36:00,69920.39499999999
2024-11-05 19:37:00,69957.775
2024-11-05 19:38:00,69992.39
2024-11-05 19:39:00,69999.0
2024-11-05 19:40:00,69974.0
2024-11-05 19:41:00,69961.01
2024-11-05 19:42:00,69946.715
2024-11-05 19:43:00,69934.70999999999
2024-11-05 19:44:00,69956.75
2024-11-05 19:45:00,69959.995
2024-11-05 19:46:00,69969.475
2024-11-05 19:47:00,70005.23999999999
2024-11-05 19:48:00,69933.41
2024-11-05 19:49:00,69772.91500000001
2024-11-05 19:50:00,69593.525
2024-11-05 19:51:00,69508.11499999999
2024-11-05 19:52:00,69485.58
2024-11-05 19:53:00,69511.005
2024-11-05 19:54:00,69512.005
2024-11-05 19:55:00,69326.005
2024-11-05 19:56:00,69196.0
2024-11-05 19:57:00,68963.015
2024-11-05 19:58:00,68783.01000000001
2024-11-05 19:59:00,68907.99
2024-11-05 20:00:00,68993.99
2024-11-05 20:01:00,69062.725
2024-11-05 20:02:00,69186.735
2024-11-05 20:03:00,69230.005
2024-11-05 20:04:00,69265.005
2024-11-05 20:05:00,69288.005
2024-11-05 20:06:00,69238.005
2024-11-05 20:07:00,69317.995
2024-11-05 20:08:00,69423.525
2024-11-05 20:09:00,69445.51999999999
2024-11-05 20:10:00,69422.98999999999
2024-11-05 20:11:00,69424.01
2024-11-05 20:12:00,69435.86
2024-11-05 20:13:00,69450.86499999999
2024-11-05 20:14:00,69499.995
2024-11-05 20:15:00,69450.005
2024-11-05 20:16:00,69385.785
2024-11-05 20:17:00,69342.39
2024-11-05 20:18:00,69321.88
2024-11-05 20:19:00,69309.995
2024-11-05 20:20:00,69308.005
2024-11-05 20:21:00,69311.0
2024-11-05 20:22:00,69270.0
2024-11-05 20:23:00,69216.005
2024-11-05 20:24:00,69262.06
2024-11-05 20:25:00,69327.05
2024-11-05 20:26:00,69365.025
2024-11-05 20:27:00,69392.025
2024-11-05 20:28:00,69400.0
2024-11-05 20:29:00,69447.75
2024-11-05 20:30:00,69441.75
2024-11-05 20:31:00,69400.5
2024-11-05 20:32:00,69432.5
2024-11-05 20:33:00,69523.005
2024-11-05 20:34:00,69591.76
2024-11-05 20:35:00,69607.76000000001
2024-11-05 20:36:00,69604.11
2024-11-05 20:37:00,69597.12
2024-11-05 20:38:00,69598.49
2024-11-05 20:39:00,69597.025
2024-11-05 20:40:00,69553.88
2024-11-05 20:41:00,69544.62
2024-11-05 20:42:00,69550.275
2024-11-05 20:43:00,69531.15
2024-11-05 20:44:00,69519.155
2024-11-05 20:45:00,69475.0
2024-11-05 20:46:00,69463.23000000001
2024-11-05 20:47:00,69493.85
2024-11-05 20:48:00,69549.615
2024-11-05 20:49:00,69582.505
2024-11-05 20:50:00,69535.5
2024-11-05 20:51:00,69504.695
2024-11-05 20:52:00,69488.695
2024-11-05 20:53:00,69502.985
2024-11-05 20:54:00,69487.53
2024-11-05 20:55:00,69466.535
2024-11-05 20:56:00,69481.995
2024-11-05 20:57:00,69480.95
2024-11-05 20:58:00,69487.065
2024-11-05 20:59:00,69466.10500000001
2024-11-05 21:00:00,69470.0
2024-11-05 21:01:00,69449.995
2024-11-05 21:02:00,69384.125
2024-11-05 21:03:00,69348.13
2024-11-05 21:04:00,69325.01000000001
2024-11-05 21:05:00,69327.95999999999
2024-11-05 21:06:00,69354.91
2024-11-05 21:07:00,69360.82500000001
2024-11-05 21:08:00,69345.14499999999
2024-11-05 21:09:00,69353.28
2024-11-05 21:10:00,69372.01
2024-11-05 21:11:00,69418.0
2024-11-05 21:12:00,69497.005
2024-11-05 21:13:00,69534.0
2024-11-05 21:14:00,69529.005
2024-11-05 21:15:00,69475.0
2024-11-05 21:16:00,69404.0
2024-11-05 21:17:00,69419.995
2024-11-05 21:18:00,69473.995
2024-11-05 21:19:00,69504.005
2024-11-05 21:20:00,69539.595
2024-11-05 21:21:00,69571.16
2024-11-05 21:22:00,69569.56
2024-11-05 21:23:00,69546.995
2024-11-05 21:24:00,69521.0
2024-11-05 21:25:00,69495.005
2024-11-05 21:26:00,69500.975
2024-11-05 21:27:00,69517.98000000001
2024-11-05 21:28:00,69515.44
2024-11-05 21:29:00,69511.95999999999
2024-11-05 21:30:00,69531.51
2024-11-05 21:31:00,69576.005
2024-11-05 21:32:00,69594.995
2024-11-05 21:33:00,69578.22
2024-11-05 21:34:00,69552.22
2024-11-05 21:35:00,69527.91
2024-11-05 21:36:00,69516.105
2024-11-05 21:37:00,69504.89499999999
2024-11-05 21:38:00,69490.695
2024-11-05 21:39:00,69501.6
2024-11-05 21:40:00,69512.59
2024-11-05 21:41:00,69511.005
2024-11-05 21:42:00,69514.015
2024-11-05 21:43:00,69504.005
2024-11-05 21:44:00,69489.0
2024-11-05 21:45:00,69450.995
2024-11-05 21:46:00,69391.5
2024-11-05 21:47:00,69341.495
2024-11-05 21:48:00,69321.205
2024-11-05 21:49:00,69300.20999999999
2024-11-05 21:50:00,69286.005
2024-11-05 21:51:00,69296.20999999999
2024-11-05 21:52:00,69303.215
2024-11-05 21:53:00,69279.685
2024-11-05 21:54:00,69250.685
2024-11-05 21:55:00,69280.0
2024-11-05 21:56:00,69311.89
2024-11-05 21:57:00,69259.89499999999
2024-11-05 21:58:00,69146.495
2024-11-05 21:59:00,69124.5
2024-11-05 22:00:00,69148.185
2024-11-05 22:01:00,69202.19
2024-11-05 22:02:00,69229.51999999999
2024-11-05 22:03:00,69193.91500000001
2024-11-05 22:04:00,69203.405
2024-11-05 22:05:00,69218.63500000001
2024-11-05 22:06:00,69202.64
2024-11-05 22:07:00,69143.98999999999
2024-11-05 22:08:00,69114.9
2024-11-05 22:09:00,69105.16500000001
2024-11-05 22:10:00,69077.255
2024-11-05 22:11:00,69110.325
2024-11-05 22:12:00,69160.32
2024-11-05 22:13:00,69156.58499999999
2024-11-05 22:14:00,69174.035
2024-11-05 22:15:00,69138.82
2024-11-05 22:16:00,69082.065
2024-11-05 22:17:00,69056.065
2024-11-05 22:18:00,68984.70499999999
2024-11-05 22:19:00,68931.82
2024-11-05 22:20:00,68920.12
2024-11-05 22:21:00,68970.025
2024-11-05 22:22:00,68994.41
2024-11-05 22:23:00,68959.195
2024-11-05 22:24:00,68970.81
2024-11-05 22:25:00,69021.84
2024-11-05 22:26:00,69091.41500000001
2024-11-05 22:27:00,69154.565
2024-11-05 22:28:00,69204.11499999999
2024-11-05 22:29:00,69228.12
2024-11-05 22:30:00,69288.05
2024-11-05 22:31:00,69379.895
2024-11-05 22:32:00,69419.815
2024-11-05 22:33:00,69459.975
2024-11-05 22:34:00,69461.76500000001
2024-11-05 22:35:00,69419.78
2024-11-05 22:36:00,69389.425
2024-11-05 22:37:00,69355.43
2024-11-05 22:38:00,69358.85500000001
2024-11-05 22:39:00,69372.87
2024-11-05 22:40:00,69349.815
2024-11-05 22:41:00,69346.15
2024-11-05 22:42:00,69354.34
2024-11-05 22:43:00,69363.945
2024-11-05 22:44:00,69386.65
2024-11-05 22:45:00,69389.425
2024-11-05 22:46:00,69365.815
2024-11-05 22:47:00,69338.08499999999
2024-11-05 22:48:00,69330.985
2024-11-05 22:49:00,69331.97
2024-11-05 22:50:00,69353.75
2024-11-05 22:51:00,69405.76000000001
2024-11-05 22:52:00,69452.845
2024-11-05 22:53:00,69434.79999999999
2024-11-05 22:54:00,69419.95
2024-11-05 22:55:00,69444.995
2024-11-05 22:56:00,69466.005
2024-11-05 22:57:00,69504.0
2024-11-05 22:58:00,69548.995
2024-11-05 22:59:00,69583.0
2024-11-05 23:00:00,69559.57999999999
2024-11-05 23:01:00,69537.08
2024-11-05 23:02:00,69591.62
2024-11-05 23:03:00,69661.38
2024-11-05 23:04:00,69680.945
2024-11-05 23:05:00,69631.995
2024-11-05 23:06:00,69585.29999999999
2024-11-05 23:07:00,69568.035
2024-11-05 23:08:00,69549.17499999999
2024-11-05 23:09:00,69551.38
2024-11-05 23:10:00,69557.23000000001
2024-11-05 23:11:00,69594.005
2024-11-05 23:12:00,69636.20999999999
2024-11-05 23:13:00,69620.20999999999
2024-11-05 23:14:00,69611.0
2024-11-05 23:15:00,69599.995
2024-11-05 23:16:00,69581.33499999999
2024-11-05 23:17:00,69579.33499999999
2024-11-05 23:18:00,69610.675
2024-11-05 23:19:00,69640.755
2024-11-05 23:20:00,69618.08
2024-11-05 23:21:00,69590.9
2024-11-05 23:22:00,69578.9
2024-11-05 23:23:00,69588.005
2024-11-05 23:24:00,69612.76
2024-11-05 23:25:00,69661.26
2024-11-05 23:26:00,69717.505
2024-11-05 23:27:00,69757.005
2024-11-05 23:28:00,69775.0
2024-11-05 23:29:00,69791.70000000001
2024-11-05 23:30:00,69837.37
2024-11-05 23:31:00,69866.58499999999
2024-11-05 23:32:00,69843.92
2024-11-05 23:33:00,69824.0
2024-11-05 23:34:00,69764.005
2024-11-05 23:35:00,69713.195
2024-11-05 23:36:00,69723.19
2024-11-05 23:37:00,69729.955
2024-11-05 23:38:00,69754.495
2024-11-05 23:39:00,69746.29000000001
2024-11-05 23:40:00,69704.745
2024-11-05 23:41:00,69653.48999999999
2024-11-05 23:42:00,69620.44
2024-11-05 23:43:00,69596.95499999999
2024-11-05 23:44:00,69516.72
2024-11-05 23:45:00,69417.08499999999
2024-11-05 23:46:00,69350.965
2024-11-05 23:47:00,69384.595
2024-11-05 23:48:00,69461.485
2024-11-05 23:49:00,69450.16
2024-11-05 23:50:00,69377.0
2024-11-05 23:51:00,69365.14
2024-11-05 23:52:00,69399.605
2024-11-05 23:53:00,69372.79000000001
2024-11-05 23:54:00,69346.41
2024-11-05 23:55:00,69382.21
2024-11-05 23:56:00,69425.32500000001
2024-11-05 23:57:00,69396.525
2024-11-05 23:58:00,69359.67000000001
2024-11-05 23:59:00,69367.685
2024-11-06 00:00:00,69404.005
2024-11-06 00:01:00,69394.72
2024-11-06 00:02:00,69333.995
2024-11-06 00:03:00,69391.255
2024-11-06 00:04:00,69477.26999999999
2024-11-06 00:05:00,69521.11
2024-11-06 00:06:00,69548.055
2024-11-06 00:07:00,69515.95999999999
2024-11-06 00:08:00,69464.005
2024-11-06 00:09:00,69441.995
2024-11-06 00:10:00,69512.995
2024-11-06 00:11:00,69577.995
2024-11-06 00:12:00,69644.65
2024-11-06 00:13:00,69714.645
2024-11-06 00:14:00,69721.995
2024-11-06 00:15:00,69686.995
2024-11-06 00:16:00,69683.0
2024-11-06 00:17:00,69767.995
2024-11-06 00:18:00,69850.35500000001
2024-11-06 00:19:00,69866.35500000001
2024-11-06 00:20:00,69812.945
2024-11-06 00:21:00,69812.935
2024-11-06 00:22:00,69893.49
2024-11-06 00:23:00,69976.495
2024-11-06 00:24:00,70058.0
2024-11-06 00:25:00,70138.0
2024-11-06 00:26:00,70205.755
2024-11-06 00:27:00,70253.76
2024-11-06 00:28:00,70299.005
2024-11-06 00:29:00,70322.98999999999
2024-11-06 00:30:00,70403.985
2024-11-06 00:31:00,70599.33499999999
2024-11-06 00:32:00,70657.68
2024-11-06 00:33:00,70658.33499999999
2024-11-06 00:34:00,70727.005
2024-11-06 00:35:00,70833.95499999999
2024-11-06 00:36:00,70944.69
2024-11-06 00:37:00,70930.005
2024-11-06 00:38:00,70854.38
2024-11-06 00:39:00,70777.89499999999
2024-11-06 00:40:00,70804.525
2024-11-06 00:41:00,70909.245
2024-11-06 00:42:00,70931.62
2024-11-06 00:43:00,70953.36499999999
2024-11-06 00:44:00,71101.72
2024-11-06 00:45:00,71239.74
2024-11-06 00:46:00,71239.005
2024-11-06 00:47:00,71137.005
2024-11-06 00:48:00,71120.86
2024-11-06 00:49:00,71270.85
2024-11-06 00:50:00,71328.005
2024-11-06 00:51:00,71267.005
2024-11-06 00:52:00,71229.495
2024-11-06 00:53:00,71266.495
2024-11-06 00:54:00,71372.70999999999
2024-11-06 00:55:00,71409.255
2024-11-06 00:56:00,71340.605
2024-11-06 00:57:00,71203.1
2024-11-06 00:58:00,71137.435
2024-11-06 00:59:00,71124.025
2024-11-06 01:00:00,71202.01999999999
2024-11-06 01:01:00,71343.29000000001
2024-11-06 01:02:00,71274.27
2024-11-06 01:03:00,71205.015
2024-11-06 01:04:00,71201.005
2024-11-06 01:05:00,71151.69
2024-11-06 01:06:00,71196.82
2024-11-06 01:07:00,71256.11
2024-11-06 01:08:00,71276.465
2024-11-06 01:09:00,71308.965
2024-11-06 01:10:00,71338.32999999999
2024-11-06 01:11:00,71311.53
2024-11-06 01:12:00,71285.685
2024-11-06 01:13:00,71305.01
2024-11-06 01:14:00,71314.005
2024-11-06 01:15:00,71183.995
2024-11-06 01:16:00,70970.55
2024-11-06 01:17:00,70784.54000000001
2024-11-06 01:18:00,70768.985
2024-11-06 01:19:00,70951.995
2024-11-06 01:20:00,71030.09
2024-11-06 01:21:00,70894.355
2024-11-06 01:22:00,70744.255
2024-11-06 01:23:00,70785.255
2024-11-06 01:24:00,70897.945
2024-11-06 01:25:00,70895.89
2024-11-06 01:26:00,70852.035
2024-11-06 01:27:00,70792.83499999999
2024-11-06 01:28:00,70832.005
2024-11-06 01:29:00,70990.0
2024-11-06 01:30:00,71101.035
2024-11-06 01:31:00,71155.035
2024-11-06 01:32:00,71178.995
2024-11-06 01:33:00,71148.995
2024-11-06 01:34:00,71108.525
2024-11-06 01:35:00,71069.525
2024-11-06 01:36:00,70987.14499999999
2024-11-06 01:37:00,71007.15
2024-11-06 01:38:00,71036.69
2024-11-06 01:39:00,71006.7
2024-11-06 01:40:00,70989.0
2024-11-06 01:41:00,70928.0
2024-11-06 01:42:00,70950.715
2024-11-06 01:43:00,71050.715
2024-11-06 01:44:00,71051.01999999999
2024-11-06 01:45:00,71080.015
2024-11-06 01:46:00,71110.98999999999
2024-11-06 01:47:00,71096.675
2024-11-06 01:48:00,71109.68
2024-11-06 01:49:00,71134.005
2024-11-06 01:50:00,71188.0
2024-11-06 01:51:00,71231.0
2024-11-06 01:52:00,71191.91
2024-11-06 01:53:00,71152.45
2024-11-06 01:54:00,71196.525
2024-11-06 01:55:00,71221.125
2024-11-06 01:56:00,71235.115
2024-11-06 01:57:00,71214.995
2024-11-06 01:58:00,71153.0
2024-11-06 01:59:00,71132.41
2024-11-06 02:00:00,71164.22
2024-11-06 02:01:00,71213.805
2024-11-06 02:02:00,71167.995
2024-11-06 02:03:00,71097.0
2024-11-06 02:04:00,71076.41500000001
2024-11-06 02:05:00,71028.41500000001
2024-11-06 02:06:00,70971.0
2024-11-06 02:07:00,70971.005
2024-11-06 02:08:00,71048.995
2024-11-06 02:09:00,71180.0
2024-11-06 02:10:00,71239.42499999999
2024-11-06 02:11:00,71286.41500000001
2024-11-06 02:12:00,71324.13500000001
2024-11-06 02:13:00,71354.525
2024-11-06 02:14:00,71353.35
2024-11-06 02:15:00,71476.95000000001
2024-11-06 02:16:00,71720.275
2024-11-06 02:17:00,71875.29999999999
2024-11-06 02:18:00,71933.23999999999
2024-11-06 02:19:00,71943.355
2024-11-06 02:20:00,71964.995
2024-11-06 02:21:00,71942.99
2024-11-06 02:22:00,71916.995
2024-11-06 02:23:00,71932.0
2024-11-06 02:24:00,71965.995
2024-11-06 02:25:00,72083.48000000001
2024-11-06 02:26:00,72159.84
2024-11-06 02:27:00,72116.14
2024-11-06 02:28:00,72304.795
2024-11-06 02:29:00,72448.345
2024-11-06 02:30:00,72539.43
2024-11-06 02:31:00,72695.395
2024-11-06 02:32:00,72695.315
2024-11-06 02:33:00,72751.005
2024-11-06 02:34:00,72792.62
2024-11-06 02:35:00,72719.97
2024-11-06 02:36:00,72742.345
2024-11-06 02:37:00,72816.995
2024-11-06 02:38:00,72797.005
2024-11-06 02:39:00,72727.995
2024-11-06 02:40:00,72642.99
2024-11-06 02:41:00,72590.795
2024-11-06 02:42:00,72584.795
2024-11-06 02:43:00,72674.0
2024-11-06 02:44:00,72801.98000000001
2024-11-06 02:45:00,72890.42
2024-11-06 02:46:00,72874.89
2024-11-06 02:47:00,72868.625
2024-11-06 02:48:00,72931.76000000001
2024-11-06 02:49:00,72948.625
2024-11-06 02:50:00,72943.555
2024-11-06 02:51:00,72947.51000000001
2024-11-06 02:52:00,72976.005
2024-11-06 02:53:00,72989.83
2024-11-06 02:54:00,73024.9
2024-11-06 02:55:00,73054.345
2024-11-06 02:56:00,73067.505
2024-11-06 02:57:00,73144.51000000001
2024-11-06 02:58:00,73235.01999999999
2024-11-06 02:59:00,73173.54000000001
2024-11-06 03:00:00,73108.515
2024-11-06 03:01:00,73169.995
2024-11-06 03:02:00,73298.0
2024-11-06 03:03:00,73486.0
2024-11-06 03:04:00,73731.445
2024-11-06 03:05:00,73830.57500000001
2024-11-06 03:06:00,74080.475
2024-11-06 03:07:00,74583.12
2024-11-06 03:08:00,74711.14499999999
2024-11-06 03:09:00,74438.0
2024-11-06 03:10:00,74161.915
2024-11-06 03:11:00,73902.43
2024-11-06 03:12:00,73893.365
2024-11-06 03:13:00,73948.92000000001
2024-11-06 03:14:00,73939.695
2024-11-06 03:15:00,74018.48000000001
2024-11-06 03:16:00,73998.78
2024-11-06 03:17:00,74224.36
2024-11-06 03:18:00,74381.12
2024-11-06 03:19:00,74272.44
2024-11-06 03:20:00,74135.735
2024-11-06 03:21:00,73970.0
2024-11-06 03:22:00,73895.0
2024-11-06 03:23:00,73849.69
2024-11-06 03:24:00,73746.7
2024-11-06 03:25:00,73720.0
2024-11-06 03:26:00,73807.995
2024-11-06 03:27:00,73919.19
2024-11-06 03:28:00,73990.76000000001
2024-11-06 03:29:00,73985.04500000001
2024-11-06 03:30:00,73937.53
2024-11-06 03:31:00,73907.375
2024-11-06 03:32:00,73929.37
2024-11-06 03:33:00,74012.995
2024-11-06 03:34:00,74020.715
2024-11-06 03:35:00,74015.70999999999
2024-11-06 03:36:00,74166.0
2024-11-06 03:37:00,74308.005
2024-11-06 03:38:00,74321.73000000001
2024-11-06 03:39:00,74266.145
2024-11-06 03:40:00,74199.06
2024-11-06 03:41:00,74263.925
2024-11-06 03:42:00,74331.99
2024-11-06 03:43:00,74322.99
2024-11-06 03:44:00,74357.73999999999
2024-11-06 03:45:00,74357.45
2024-11-06 03:46:00,74299.705
2024-11-06 03:47:00,74201.19
2024-11-06 03:48:00,74235.43
2024-11-06 03:49:00,74349.325
2024-11-06 03:50:00,74374.09
2024-11-06 03:51:00,74371.985
2024-11-06 03:52:00,74339.22
2024-11-06 03:53:00,74363.51999999999
2024-11-06 03:54:00,74344.16500000001
2024-11-06 03:55:00,74286.16
2024-11-06 03:56:00,74289.285
2024-11-06 03:57:00,74279.72
2024-11-06 03:58:00,74287.72
2024-11-06 03:59:00,74324.265
2024-11-06 04:00:00,74457.76000000001
2024-11-06 04:01:00,74611.5
2024-11-06 04:02:00,74612.405
2024-11-06 04:03:00,74369.395
2024-11-06 04:04:00,74160.615
2024-11-06 04:05:00,74065.95999999999
2024-11-06 04:06:00,74017.505
2024-11-06 04:07:00,74099.515
2024-11-06 04:08:00,74148.515
2024-11-06 04:09:00,74138.255
2024-11-06 04:10:00,74211.145
2024-11-06 04:11:00,74273.845
2024-11-06 04:12:00,74247.76999999999
2024-11-06 04:13:00,74291.135
2024-11-06 04:14:00,74361.545
2024-11-06 04:15:00,74407.55
2024-11-06 04:16:00,74448.995
2024-11-06 04:17:00,74483.005
2024-11-06 04:18:00,74451.01000000001
2024-11-06 04:19:00,74444.845
2024-11-06 04:20:00,74494.85
2024-11-06 04:21:00,74563.03
2024-11-06 04:22:00,74642.27
2024-11-06 04:23:00,74741.82
2024-11-06 04:24:00,74827.275
2024-11-06 04:25:00,74754.88500000001
2024-11-06 04:26:00,74685.565
2024-11-06 04:27:00,74720.36499999999
2024-11-06 04:28:00,74732.0
2024-11-06 04:29:00,74707.01000000001
2024-11-06 04:30:00,74711.235
2024-11-06 04:31:00,74799.20999999999
2024-11-06 04:32:00,74846.375
2024-11-06 04:33:00,74884.365
2024-11-06 04:34:00,74933.98000000001
2024-11-06 04:35:00,74885.45000000001
2024-11-06 04:36:00,74882.725
2024-11-06 04:37:00,74902.055
2024-11-06 04:38:00,74816.45000000001
2024-11-06 04:39:00,74701.66500000001
2024-11-06 04:40:00,74607.845
2024-11-06 04:41:00,74542.84
2024-11-06 04:42:00,74586.005
2024-11-06 04:43:00,74623.26000000001
2024-11-06 04:44:00,74621.25
2024-11-06 04:45:00,74656.99
2024-11-06 04:46:00,74674.53
2024-11-06 04:47:00,74704.525
2024-11-06 04:48:00,74732.765
2024-11-06 04:49:00,74712.905
2024-11-06 04:50:00,74620.23
2024-11-06 04:51:00,74566.26
2024-11-06 04:52:00,74566.17499999999
2024-11-06 04:53:00,74507.0
2024-11-06 04:54:00,74486.515
2024-11-06 04:55:00,74529.95
2024-11-06 04:56:00,74538.535
2024-11-06 04:57:00,74512.1
2024-11-06 04:58:00,74489.13
2024-11-06 04:59:00,74367.67000000001
2024-11-06 05:00:00,74262.075
2024-11-06 05:01:00,74128.875
2024-11-06 05:02:00,73901.89
2024-11-06 05:03:00,73799.01
2024-11-06 05:04:00,73866.48999999999
2024-11-06 05:05:00,74014.61499999999
2024-11-06 05:06:00,74050.13
2024-11-06 05:07:00,73999.005
2024-11-06 05:08:00,73944.575
2024-11-06 05:09:00,73956.47
2024-11-06 05:10:00,73979.9
2024-11-06 05:11:00,73938.72
2024-11-06 05:12:00,73913.73
2024-11-06 05:13:00,73947.005
2024-11-06 05:14:00,73980.98000000001
2024-11-06 05:15:00,74047.91
2024-11-06 05:16:00,74078.93
2024-11-06 05:17:00,74011.995
2024-11-06 05:18:00,74050.98999999999
2024-11-06 05:19:00,74048.515
2024-11-06 05:20:00,73993.41
2024-11-06 05:21:00,73974.995
2024-11-06 05:22:00,73946.66
2024-11-06 05:23:00,73996.55
2024-11-06 05:24:00,74045.995
2024-11-06 05:25:00,74058.86
2024-11-06 05:26:00,74183.88500000001
2024-11-06 05:27:00,74317.015
2024-11-06 05:28:00,74376.56
2024-11-06 05:29:00,74391.845
2024-11-06 05:30:00,74367.29999999999
2024-11-06 05:31:00,74412.175
2024-11-06 05:32:00,74491.16500000001
2024-11-06 05:33:00,74494.38
2024-11-06 05:34:00,74483.385
2024-11-06 05:35:00,74448.005
2024-11-06 05:36:00,74355.01
2024-11-06 05:37:00,74322.83499999999
2024-11-06 05:38:00,74358.39
2024-11-06 05:39:00,74410.57
2024-11-06 05:40:00,74501.33499999999
2024-11-06 05:41:00,74550.14
2024-11-06 05:42:00,74511.815
2024-11-06 05:43:00,74520.995
2024-11-06 05:44:00,74563.87
2024-11-06 05:45:00,74545.455
2024-11-06 05:46:00,74529.575
2024-11-06 05:47:00,74571.01000000001
2024-11-06 05:48:00,74635.01
2024-11-06 05:49:00,74694.02
2024-11-06 05:50:00,74706.89
2024-11-06 05:51:00,74697.73999999999
2024-11-06 05:52:00,74712.44
2024-11-06 05:53:00,74759.575
2024-11-06 05:54:00,74781.54999999999
2024-11-06 05:55:00,74809.78
2024-11-06 05:56:00,74842.225
2024-11-06 05:57:00,74781.63
2024-11-06 05:58:00,74776.57500000001
2024-11-06 05:59:00,74797.13
2024-11-06 06:00:00,74769.35500000001
2024-11-06 06:01:00,74788.53
2024-11-06 06:02:00,74840.36499999999
2024-11-06 06:03:00,74901.995
2024-11-06 06:04:00,74946.955
2024-11-06 06:05:00,74886.83
2024-11-06 06:06:00,74746.72
2024-11-06 06:07:00,74717.87
2024-11-06 06:08:00,74691.015
2024-11-06 06:09:00,74676.285
2024-11-06 06:10:00,74707.3
2024-11-06 06:11:00,74709.66500000001
2024-11-06 06:12:00,74774.725
2024-11-06 06:13:00,74831.89499999999
2024-11-06 06:14:00,74866.81
2024-11-06 06:15:00,74833.735
2024-11-06 06:16:00,74775.20499999999
2024-11-06 06:17:00,74834.45999999999
2024-11-06 06:18:00,74881.245
2024-11-06 06:19:00,74892.12
2024-11-06 06:20:00,74953.76999999999
2024-11-06 06:21:00,75078.405
2024-11-06 06:22:00,75177.37
2024-11-06 06:23:00,75288.85
2024-11-06 06:24:00,75364.98999999999
2024-11-06 06:25:00,75325.09
2024-11-06 06:26:00,75276.11
2024-11-06 06:27:00,75146.0
2024-11-06 06:28:00,74963.38500000001
2024-11-06 06:29:00,74807.76999999999
2024-11-06 06:30:00,74666.545
2024-11-06 06:31:00,74707.265
2024-11-06 06:32:00,74871.09
2024-11-06 06:33:00,74970.98000000001
2024-11-06 06:34:00,74950.14
2024-11-06 06:35:00,74924.1
2024-11-06 06:36:00,74955.95
2024-11-06 06:37:00,74966.465
2024-11-06 06:38:00,74992.45999999999
2024-11-06 06:39:00,74942.995
2024-11-06 06:40:00,74860.0
2024-11-06 06:41:00,74848.85500000001
2024-11-06 06:42:00,74833.51999999999
2024-11-06 06:43:00,74735.88
2024-11-06 06:44:00,74687.465
2024-11-06 06:45:00,74632.93
2024-11-06 06:46:00,74560.97
2024-11-06 06:47:00,74543.45
2024-11-06 06:48:00,74589.83499999999
2024-11-06 06:49:00,74700.35
2024-11-06 06:50:00,74718.33499999999
2024-11-06 06:51:00,74669.995
2024-11-06 06:52:00,74580.54500000001
2024-11-06 06:53:00,74367.88
2024-11-06 06:54:00,74321.355
2024-11-06 06:55:00,74468.155
2024-11-06 06:56:00,74498.455
2024-11-06 06:57:00,74435.815
2024-11-06 06:58:00,74364.225
2024-11-06 06:59:00,74294.29000000001
2024-11-06 07:00:00,74345.16500000001
2024-11-06 07:01:00,74460.78
2024-11-06 07:02:00,74484.86499999999
2024-11-06 07:03:00,74504.945
2024-11-06 07:04:00,74530.42
2024-11-06 07:05:00,74539.485
2024-11-06 07:06:00,74557.195
2024-11-06 07:07:00,74595.78
2024-11-06 07:08:00,74587.95999999999
2024-11-06 07:09:00,74586.5
2024-11-06 07:10:00,74608.315
2024-11-06 07:11:00,74590.095
2024-11-06 07:12:00,74565.63
2024-11-06 07:13:00,74528.55
2024-11-06 07:14:00,74498.845
2024-11-06 07:15:00,74513.845
2024-11-06 07:16:00,74459.245
2024-11-06 07:17:00,74394.285
2024-11-06 07:18:00,74392.065
2024-11-06 07:19:00,74371.86
2024-11-06 07:20:00,74398.565
2024-11-06 07:21:00,74414.725
2024-11-06 07:22:00,74369.005
2024-11-06 07:23:00,74342.005
2024-11-06 07:24:00,74325.465
2024-11-06 07:25:00,74360.465
2024-11-06 07:26:00,74497.67499999999
2024-11-06 07:27:00,74590.67
2024-11-06 07:28:00,74439.98999999999
2024-11-06 07:29:00,74218.99
2024-11-06 07:30:00,74149.76999999999
2024-11-06 07:31:00,74177.32
2024-11-06 07:32:00,74149.35500000001
2024-11-06 07:33:00,74105.9
2024-11-06 07:34:00,74086.08
2024-11-06 07:35:00,74142.935
2024-11-06 07:36:00,74166.14
2024-11-06 07:37:00,74078.195
2024-11-06 07:38:00,74023.95
2024-11-06 07:39:00,73972.945
2024-11-06 07:40:00,73914.155
2024-11-06 07:41:00,73831.44
2024-11-06 07:42:00,73569.58499999999
2024-11-06 07:43:00,73377.98
2024-11-06 07:44:00,73520.64
2024-11-06 07:45:00,73705.99
2024-11-06 07:46:00,73685.98999999999
2024-11-06 07:47:00,73537.99
2024-11-06 07:48:00,73497.27
2024-11-06 07:49:00,73624.905
2024-11-06 07:50:00,73773.625
2024-11-06 07:51:00,73736.5
2024-11-06 07:52:00,73631.545
2024-11-06 07:53:00,73596.51000000001
2024-11-06 07:54:00,73587.6
2024-11-06 07:55:00,73544.70999999999
2024-11-06 07:56:00,73493.985
2024-11-06 07:57:00,73471.595
2024-11-06 07:58:00,73402.26500000001
2024-11-06 07:59:00,73354.10500000001
2024-11-06 08:00:00,73435.68
2024-11-06 08:01:00,73425.34
2024-11-06 08:02:00,73295.99
2024-11-06 08:03:00,73082.47
2024-11-06 08:04:00,72920.58
2024-11-06 08:05:00,72911.005
2024-11-06 08:06:00,72916.77
2024-11-06 08:07:00,73048.185
2024-11-06 08:08:00,73181.525
2024-11-06 08:09:00,73223.13
2024-11-06 08:10:00,73174.04000000001
2024-11-06 08:11:00,73215.54000000001
2024-11-06 08:12:00,73282.025
2024-11-06 08:13:00,73219.48000000001
2024-11-06 08:14:00,73273.945
2024-11-06 08:15:00,73318.355
2024-11-06 08:16:00,73236.405
2024-11-06 08:17:00,73145.7
2024-11-06 08:18:00,73117.695
2024-11-06 08:19:00,73129.655
2024-11-06 08:20:00,73103.16
2024-11-06 08:21:00,73017.01999999999
2024-11-06 08:22:00,72908.735
2024-11-06 08:23:00,72853.20999999999
2024-11-06 08:24:00,72871.0
2024-11-06 08:25:00,72911.41
2024-11-06 08:26:00,72996.155
2024-11-06 08:27:00,73049.08
2024-11-06 08:28:00,72964.36
2024-11-06 08:29:00,72952.025
2024-11-06 08:30:00,72927.245
2024-11-06 08:31:00,72806.26000000001
2024-11-06 08:32:00,72738.36499999999
2024-11-06 08:33:00,72712.8
2024-11-06 08:34:00,72776.64
2024-11-06 08:35:00,72895.155
2024-11-06 08:36:00,72959.99
2024-11-06 08:37:00,73045.70999999999
2024-11-06 08:38:00,73164.715
2024-11-06 08:39:00,73191.0
2024-11-06 08:40:00,73190.005
2024-11-06 08:41:00,73213.23000000001
2024-11-06 08:42:00,73265.23000000001
2024-11-06 08:43:00,73326.005
2024-11-06 08:44:00,73349.0
2024-11-06 08:45:00,73325.08
2024-11-06 08:46:00,73308.645
2024-11-06 08:47:00,73280.565
2024-11-06 08:48:00,73275.345
2024-11-06 08:49:00,73268.455
2024-11-06 08:50:00,73263.10500000001
2024-11-06 08:51:00,73308.0
2024-11-06 08:52:00,73328.33499999999
2024-11-06 08:53:00,73342.315
2024-11-06 08:54:00,73388.545
2024-11-06 08:55:00,73376.245
2024-11-06 08:56:00,73344.36499999999
2024-11-06 08:57:00,73399.67
2024-11-06 08:58:00,73465.38
2024-11-06 08:59:00,73473.405
2024-11-06 09:00:00,73485.52
2024-11-06 09:01:00,73552.495
2024-11-06 09:02:00,73622.99
2024-11-06 09:03:00,73701.505
2024-11-06 09:04:00,73747.64499999999
2024-11-06 09:05:00,73709.02
2024-11-06 09:06:00,73678.64499999999
2024-11-06 09:07:00,73732.73999999999
2024-11-06 09:08:00,73795.98999999999
2024-11-06 09:09:00,73814.98999999999
2024-11-06 09:10:00,73751.95
2024-11-06 09:11:00,73667.78
2024-11-06 09:12:00,73712.83499999999
2024-11-06 09:13:00,73802.055
2024-11-06 09:14:00,73795.01000000001
2024-11-06 09:15:00,73804.88500000001
2024-11-06 09:16:00,73830.93
2024-11-06 09:17:00,73749.83499999999
2024-11-06 09:18:00,73688.08
2024-11-06 09:19:00,73671.745
2024-11-06 09:20:00,73675.5
2024-11-06 09:21:00,73681.91
2024-11-06 09:22:00,73691.91500000001
2024-11-06 09:23:00,73730.51000000001
2024-11-06 09:24:00,73743.51000000001
2024-11-06 09:25:00,73743.695
2024-11-06 09:26:00,73755.70000000001
2024-11-06 09:27:00,73748.42000000001
2024-11-06 09:28:00,73751.81
2024-11-06 09:29:00,73761.08499999999
2024-11-06 09:30:00,73726.81
2024-11-06 09:31:00,73728.08
2024-11-06 09:32:00,73773.31
2024-11-06 09:33:00,73818.66
2024-11-06 09:34:00,73841.55
2024-11-06 09:35:00,73889.225
2024-11-06 09:36:00,73925.995
2024-11-06 09:37:00,73925.695
2024-11-06 09:38:00,73998.47
2024-11-06 09:39:00,74054.59
2024-11-06 09:40:00,74030.82
2024-11-06 09:41:00,73962.66
2024-11-06 09:42:00,73894.065
2024-11-06 09:43:00,73885.39499999999
2024-11-06 09:44:00,73878.0
2024-11-06 09:45:00,73900.33
2024-11-06 09:46:00,73911.35500000001
2024-11-06 09:47:00,73839.035
2024-11-06 09:48:00,73810.98
2024-11-06 09:49:00,73805.825
2024-11-06 09:50:00,73806.85500000001
2024-11-06 09:51:00,73862.715
2024-11-06 09:52:00,73879.655
2024-11-06 09:53:00,73870.95000000001
2024-11-06 09:54:00,73892.565
2024-11-06 09:55:00,73866.085
2024-11-06 09:56:00,73781.23000000001
2024-11-06 09:57:00,73726.7
2024-11-06 09:58:00,73751.935
2024-11-06 09:59:00,73773.1
2024-11-06 10:00:00,73781.175
2024-11-06 10:01:00,73777.005
2024-11-06 10:02:00,73739.01
2024-11-06 10:03:00,73715.0
2024-11-06 10:04:00,73707.36499999999
2024-11-06 10:05:00,73655.825
2024-11-06 10:06:00,73569.59
2024-11-06 10:07:00,73472.10500000001
2024-11-06 10:08:00,73442.07
2024-11-06 10:09:00,73475.1
2024-11-06 10:10:00,73508.005
2024-11-06 10:11:00,73521.91500000001
2024-11-06 10:12:00,73471.06
2024-11-06 10:13:00,73457.76
2024-11-06 10:14:00,73463.795
2024-11-06 10:15:00,73438.485
2024-11-06 10:16:00,73484.255
2024-11-06 10:17:00,73547.08499999999
2024-11-06 10:18:00,73494.57999999999
2024-11-06 10:19:00,73485.36
2024-11-06 10:20:00,73479.39
2024-11-06 10:21:00,73473.47
2024-11-06 10:22:00,73504.42
2024-11-06 10:23:00,73514.6
2024-11-06 10:24:00,73532.18
2024-11-06 10:25:00,73536.01999999999
2024-11-06 10:26:00,73537.85500000001
2024-11-06 10:27:00,73527.81
2024-11-06 10:28:00,73550.98000000001
2024-11-06 10:29:00,73554.01
2024-11-06 10:30:00,73497.995
2024-11-06 10:31:00,73476.64499999999
2024-11-06 10:32:00,73530.235
2024-11-06 10:33:00,73651.065
2024-11-06 10:34:00,73717.7
2024-11-06 10:35:00,73729.875
2024-11-06 10:36:00,73760.61499999999
2024-11-06 10:37:00,73732.57
2024-11-06 10:38:00,73704.195
2024-11-06 10:39:00,73752.59
2024-11-06 10:40:00,73798.675
2024-11-06 10:41:00,73833.04500000001
2024-11-06 10:42:00,73888.065
2024-11-06 10:43:00,73902.955
2024-11-06 10:44:00,73878.955
2024-11-06 10:45:00,73849.63500000001
2024-11-06 10:46:00,73835.95000000001
2024-11-06 10:47:00,73875.04000000001
2024-11-06 10:48:00,73919.86499999999
2024-11-06 10:49:00,73895.755
2024-11-06 10:50:00,73861.45
2024-11-06 10:51:00,73841.52
2024-11-06 10:52:00,73848.205
2024-11-06 10:53:00,73858.895
2024-11-06 10:54:00,73828.245
2024-11-06 10:55:00,73848.86499999999
2024-11-06 10:56:00,73862.815
2024-11-06 10:57:00,73854.70999999999
2024-11-06 10:58:00,73834.195
2024-11-06 10:59:00,73815.005
2024-11-06 11:00:00,73840.36499999999
2024-11-06 11:01:00,73819.36499999999
2024-11-06 11:02:00,73750.0
2024-11-06 11:03:00,73740.99
2024-11-06 11:04:00,73752.98999999999
2024-11-06 11:05:00,73703.45999999999
2024-11-06 11:06:00,73665.005
2024-11-06 11:07:00,73674.495
2024-11-06 11:08:00,73695.375
2024-11-06 11:09:00,73705.98000000001
2024-11-06 11:10:00,73705.56
2024-11-06 11:11:00,73722.155
2024-11-06 11:12:00,73735.14000000001
2024-11-06 11:13:00,73757.7
2024-11-06 11:14:00,73809.70999999999
2024-11-06 11:15:00,73864.98999999999
2024-11-06 11:16:00,73897.82500000001
2024-11-06 11:17:00,73881.735
2024-11-06 11:18:00,73894.965
2024-11-06 11:19:00,74018.29000000001
2024-11-06 11:20:00,74148.14000000001
2024-11-06 11:21:00,74134.88
2024-11-06 11:22:00,74064.76
2024-11-06 11:23:00,74037.345
2024-11-06 11:24:00,74056.685
2024-11-06 11:25:00,74123.79999999999
2024-11-06 11:26:00,74204.1
2024-11-06 11:27:00,74233.44
2024-11-06 11:28:00,74264.0
2024-11-06 11:29:00,74295.91
2024-11-06 11:30:00,74325.035
2024-11-06 11:31:00,74380.125
2024-11-06 11:32:00,74316.005
2024-11-06 11:33:00,74296.88
2024-11-06 11:34:00,74391.58499999999
2024-11-06 11:35:00,74390.735
2024-11-06 11:36:00,74375.265
2024-11-06 11:37:00,74382.56
2024-11-06 11:38:00,74378.78
2024-11-06 11:39:00,74363.725
2024-11-06 11:40:00,74279.2
2024-11-06 11:41:00,74236.88
2024-11-06 11:42:00,74279.95
2024-11-06 11:43:00,74291.97
2024-11-06 11:44:00,74251.98
2024-11-06 11:45:00,74249.265
2024-11-06 11:46:00,74279.26999999999
2024-11-06 11:47:00,74219.995
2024-11-06 11:48:00,74170.715
2024-11-06 11:49:00,74136.11
2024-11-06 11:50:00,74120.33499999999
2024-11-06 11:51:00,74148.13
2024-11-06 11:52:00,74148.175
2024-11-06 11:53:00,74138.01999999999
2024-11-06 11:54:00,74139.015
2024-11-06 11:55:00,74184.03
2024-11-06 11:56:00,74198.935
2024-11-06 11:57:00,74190.91
2024-11-06 11:58:00,74250.0
2024-11-06 11:59:00,74286.0
2024-11-06 12:00:00,74294.35
2024-11-06 12:01:00,74335.345
2024-11-06 12:02:00,74392.19
2024-11-06 12:03:00,74451.655
2024-11-06 12:04:00,74478.64
2024-11-06 12:05:00,74478.325
2024-11-06 12:06:00,74520.915
2024-11-06 12:07:00,74550.76999999999
2024-11-06 12:08:00,74559.98999999999
2024-11-06 12:09:00,74668.885
2024-11-06 12:10:00,74701.88
2024-11-06 12:11:00,74651.92
2024-11-06 12:12:00,74671.925
2024-11-06 12:13:00,74657.995
2024-11-06 12:14:00,74593.02
2024-11-06 12:15:00,74579.705
2024-11-06 12:16:00,74629.25
2024-11-06 12:17:00,74666.95000000001
2024-11-06 12:18:00,74634.28
2024-11-06 12:19:00,74579.89499999999
2024-11-06 12:20:00,74472.745
2024-11-06 12:21:00,74417.735
2024-11-06 12:22:00,74464.725
2024-11-06 12:23:00,74447.06
2024-11-06 12:24:00,74430.95999999999
2024-11-06 12:25:00,74479.23999999999
2024-11-06 12:26:00,74533.60500000001
2024-11-06 12:27:00,74544.99
2024-11-06 12:28:00,74509.0
2024-11-06 12:29:00,74458.635
2024-11-06 12:30:00,74472.61
2024-11-06 12:31:00,74435.8
2024-11-06 12:32:00,74371.82999999999
2024-11-06 12:33:00,74408.08
2024-11-06 12:34:00,74431.785
2024-11-06 12:35:00,74414.675
2024-11-06 12:36:00,74379.97
2024-11-06 12:37:00,74361.4
2024-11-06 12:38:00,74351.515
2024-11-06 12:39:00,74329.975
2024-11-06 12:40:00,74398.465
2024-11-06 12:41:00,74459.155
2024-11-06 12:42:00,74422.005
2024-11-06 12:43:00,74400.35
2024-11-06 12:44:00,74382.905
2024-11-06 12:45:00,74376.66500000001
2024-11-06 12:46:00,74394.10500000001
2024-11-06 12:47:00,74401.0
2024-11-06 12:48:00,74333.655
2024-11-06 12:49:00,74257.655
2024-11-06 12:50:00,74262.99
2024-11-06 12:51:00,74318.305
2024-11-06 12:52:00,74340.76
2024-11-06 12:53:00,74328.72
2024-11-06 12:54:00,74328.275
2024-11-06 12:55:00,74319.725
2024-11-06 12:56:00,74287.055
2024-11-06 12:57:00,74221.325
2024-11-06 12:58:00,74191.99
2024-11-06 12:59:00,74184.73000000001
2024-11-06 13:00:00,74210.735
2024-11-06 13:01:00,74251.995
2024-11-06 13:02:00,74207.995
2024-11-06 13:03:00,74152.0
2024-11-06 13:04:00,74164.38
2024-11-06 13:05:00,74205.38
2024-11-06 13:06:00,74222.98999999999
2024-11-06 13:07:00,74137.655
2024-11-06 13:08:00,74080.235
2024-11-06 13:09:00,74057.445
2024-11-06 13:10:00,73988.88500000001
2024-11-06 13:11:00,74006.06
2024-11-06 13:12:00,74086.525
2024-11-06 13:13:00,74105.01000000001
2024-11-06 13:14:00,74086.47
2024-11-06 13:15:00,74151.75
2024-11-06 13:16:00,74109.535
2024-11-06 13:17:00,73971.33
2024-11-06 13:18:00,73882.595
2024-11-06 13:19:00,73814.0
2024-11-06 13:20:00,73719.07
2024-11-06 13:21:00,73664.065
2024-11-06 13:22:00,73721.0
2024-11-06 13:23:00,73699.995
2024-11-06 13:24:00,73688.8
2024-11-06 13:25:00,73770.68
2024-11-06 13:26:00,73779.83499999999
2024-11-06 13:27:00,73796.95000000001
2024-11-06 13:28:00,73870.57
2024-11-06 13:29:00,73899.57
2024-11-06 13:30:00,73886.88500000001
2024-11-06 13:31:00,73853.88
2024-11-06 13:32:00,73888.98
2024-11-06 13:33:00,73941.68
2024-11-06 13:34:00,73977.7
2024-11-06 13:35:00,74013.06
2024-11-06 13:36:00,74012.06
2024-11-06 13:37:00,74022.0
2024-11-06 13:38:00,73996.82
2024-11-06 13:39:00,73959.13
2024-11-06 13:40:00,73895.755
2024-11-06 13:41:00,73840.75
2024-11-06 13:42:00,73861.685
2024-11-06 13:43:00,73857.345
2024-11-06 13:44:00,73807.4
2024-11-06 13:45:00,73793.455
2024-11-06 13:46:00,73787.345
2024-11-06 13:47:00,73815.965
2024-11-06 13:48:00,73887.17000000001
2024-11-06 13:49:00,73930.20000000001
2024-11-06 13:50:00,73983.94
2024-11-06 13:51:00,74018.695
2024-11-06 13:52:00,74031.69
2024-11-06 13:53:00,74011.295
2024-11-06 13:54:00,73977.805
2024-11-06 13:55:00,73984.76
2024-11-06 13:56:00,73992.66500000001
2024-11-06 13:57:00,73976.70499999999
2024-11-06 13:58:00,73973.01
2024-11-06 13:59:00,73985.525
2024-11-06 14:00:00,74025.065
2024-11-06 14:01:00,74077.53
2024-11-06 14:02:00,74123.995
2024-11-06 14:03:00,74130.5
2024-11-06 14:04:00,74100.56
2024-11-06 14:05:00,74037.12
2024-11-06 14:06:00,73938.06
2024-11-06 14:07:00,73817.455
2024-11-06 14:08:00,73775.38
2024-11-06 14:09:00,73780.945
2024-11-06 14:10:00,73719.985
2024-11-06 14:11:00,73663.975
2024-11-06 14:12:00,73683.41500000001
2024-11-06 14:13:00,73766.835
2024-11-06 14:14:00,73825.425
2024-11-06 14:15:00,73833.09
2024-11-06 14:16:00,73794.545
2024-11-06 14:17:00,73776.625
2024-11-06 14:18:00,73773.17
2024-11-06 14:19:00,73802.115
2024-11-06 14:20:00,73865.125
2024-11-06 14:21:00,73925.01000000001
2024-11-06 14:22:00,73933.18
2024-11-06 14:23:00,73856.175
2024-11-06 14:24:00,73832.045
2024-11-06 14:25:00,73903.265
2024-11-06 14:26:00,73966.22
2024-11-06 14:27:00,74018.01
2024-11-06 14:28:00,74107.555
2024-11-06 14:29:00,74165.545
2024-11-06 14:30:00,74285.255
2024-11-06 14:31:00,74271.28
2024-11-06 14:32:00,74207.70000000001
2024-11-06 14:33:00,74337.13
2024-11-06 14:34:00,74358.44
2024-11-06 14:35:00,74384.275
2024-11-06 14:36:00,74527.985
2024-11-06 14:37:00,74572.98999999999
2024-11-06 14:38:00,74580.005
2024-11-06 14:39:00,74645.01000000001
2024-11-06 14:40:00,74558.65
2024-11-06 14:41:00,74546.975
2024-11-06 14:42:00,74661.34
2024-11-06 14:43:00,74608.995
2024-11-06 14:44:00,74459.765
2024-11-06 14:45:00,74296.495
2024-11-06 14:46:00,74115.72
2024-11-06 14:47:00,73976.005
2024-11-06 14:48:00,74017.005
2024-11-06 14:49:00,74048.995
2024-11-06 14:50:00,73867.0
2024-11-06 14:51:00,73752.07500000001
2024-11-06 14:52:00,73764.07
2024-11-06 14:53:00,73833.805
2024-11-06 14:54:00,73829.79000000001
2024-11-06 14:55:00,73755.005
2024-11-06 14:56:00,73675.015
2024-11-06 14:57:00,73568.015
2024-11-06 14:58:00,73538.995
2024-11-06 14:59:00,73584.995
2024-11-06 15:00:00,73602.99
2024-11-06 15:01:00,73682.735
2024-11-06 15:02:00,73789.735
2024-11-06 15:03:00,73833.995
2024-11-06 15:04:00,73823.41
2024-11-06 15:05:00,73789.38
2024-11-06 15:06:00,73785.475
2024-11-06 15:07:00,73789.41500000001
2024-11-06 15:08:00,73887.9
2024-11-06 15:09:00,73957.98999999999
2024-11-06 15:10:00,74024.18
2024-11-06 15:11:00,74113.39
2024-11-06 15:12:00,74157.78
2024-11-06 15:13:00,74206.245
2024-11-06 15:14:00,74293.66500000001
2024-11-06 15:15:00,74256.0
2024-11-06 15:16:00,74235.515
2024-11-06 15:17:00,74328.04000000001
2024-11-06 15:18:00,74375.52
2024-11-06 15:19:00,74429.76000000001
2024-11-06 15:20:00,74459.775
2024-11-06 15:21:00,74404.0
2024-11-06 15:22:00,74374.255
2024-11-06 15:23:00,74351.5
2024-11-06 15:24:00,74296.06
2024-11-06 15:25:00,74316.385
2024-11-06 15:26:00,74409.32
2024-11-06 15:27:00,74421.995
2024-11-06 15:28:00,74347.82
2024-11-06 15:29:00,74317.785
2024-11-06 15:30:00,74238.005
2024-11-06 15:31:00,74121.83
2024-11-06 15:32:00,74120.305
2024-11-06 15:33:00,74091.66500000001
2024-11-06 15:34:00,74042.4
2024-11-06 15:35:00,74105.215
2024-11-06 15:36:00,74078.33
2024-11-06 15:37:00,73966.11499999999
2024-11-06 15:38:00,73934.995
2024-11-06 15:39:00,73958.99
2024-11-06 15:40:00,74005.435
2024-11-06 15:41:00,74088.995
2024-11-06 15:42:00,74155.995
2024-11-06 15:43:00,74179.81
2024-11-06 15:44:00,74169.975
2024-11-06 15:45:00,74208.08499999999
2024-11-06 15:46:00,74273.81
2024-11-06 15:47:00,74305.995
2024-11-06 15:48:00,74320.945
2024-11-06 15:49:00,74372.95
2024-11-06 15:50:00,74410.995
2024-11-06 15:51:00,74425.81
2024-11-06 15:52:00,74382.345
2024-11-06 15:53:00,74271.8
2024-11-06 15:54:00,74290.26000000001
2024-11-06 15:55:00,74308.995
2024-11-06 15:56:00,74324.005
2024-11-06 15:57:00,74382.38
2024-11-06 15:58:00,74412.375
2024-11-06 15:59:00,74367.0
2024-11-06 16:00:00,74319.985
2024-11-06 16:01:00,74351.98999999999
2024-11-06 16:02:00,74399.215
2024-11-06 16:03:00,74446.20999999999
2024-11-06 16:04:00,74409.005
2024-11-06 16:05:00,74342.13500000001
2024-11-06 16:06:00,74298.14
2024-11-06 16:07:00,74229.555
2024-11-06 16:08:00,74232.56
2024-11-06 16:09:00,74285.41500000001
2024-11-06 16:10:00,74368.425
2024-11-06 16:11:00,74458.01000000001
2024-11-06 16:12:00,74465.23999999999
2024-11-06 16:13:00,74455.995
2024-11-06 16:14:00,74495.995
2024-11-06 16:15:00,74524.995
2024-11-06 16:16:00,74458.89499999999
2024-11-06 16:17:00,74374.285
2024-11-06 16:18:00,74334.38500000001
2024-11-06 16:19:00,74346.995
2024-11-06 16:20:00,74326.0
2024-11-06 16:21:00,74293.0
2024-11-06 16:22:00,74262.995
2024-11-06 16:23:00,74227.995
2024-11-06 16:24:00,74202.0
2024-11-06 16:25:00,74182.865
2024-11-06 16:26:00,74240.86499999999
2024-11-06 16:27:00,74315.815
2024-11-06 16:28:00,74366.37
2024-11-06 16:29:00,74346.56
2024-11-06 16:30:00,74278.015
2024-11-06 16:31:00,74229.32
2024-11-06 16:32:00,74227.31
2024-11-06 16:33:00,74243.14499999999
2024-11-06 16:34:00,74256.98999999999
2024-11-06 16:35:00,74299.82
2024-11-06 16:36:00,74365.985
2024-11-06 16:37:00,74399.445
2024-11-06 16:38:00,74415.45499999999
2024-11-06 16:39:00,74428.37
2024-11-06 16:40:00,74409.33499999999
2024-11-06 16:41:00,74398.93
2024-11-06 16:42:00,74395.45
2024-11-06 16:43:00,74361.485
2024-11-06 16:44:00,74259.29000000001
2024-11-06 16:45:00,74172.05
2024-11-06 16:46:00,74160.76000000001
2024-11-06 16:47:00,74189.715
2024-11-06 16:48:00,74221.715
2024-11-06 16:49:00,74245.995
2024-11-06 16:50:00,74218.995
2024-11-06 16:51:00,74184.02
2024-11-06 16:52:00,74172.29000000001
2024-11-06 16:53:00,74167.26000000001
2024-11-06 16:54:00,74223.995
2024-11-06 16:55:00,74275.005
2024-11-06 16:56:00,74284.695
2024-11-06 16:57:00,74272.59
2024-11-06 16:58:00,74270.1
2024-11-06 16:59:00,74309.195
2024-11-06 17:00:00,74306.99
2024-11-06 17:01:00,74285.985
2024-11-06 17:02:00,74279.985
2024-11-06 17:03:00,74299.995
2024-11-06 17:04:00,74379.0
2024-11-06 17:05:00,74405.0
2024-11-06 17:06:00,74412.26999999999
2024-11-06 17:07:00,74430.265
2024-11-06 17:08:00,74471.0
2024-11-06 17:09:00,74503.005
2024-11-06 17:10:00,74498.995
2024-11-06 17:11:00,74542.095
2024-11-06 17:12:00,74563.63
2024-11-06 17:13:00,74547.06
2024-11-06 17:14:00,74538.82
2024-11-06 17:15:00,74500.295
2024-11-06 17:16:00,74512.41
2024-11-06 17:17:00,74587.39499999999
2024-11-06 17:18:00,74603.985
2024-11-06 17:19:00,74610.98999999999
2024-11-06 17:20:00,74594.98999999999
2024-11-06 17:21:00,74560.0
2024-11-06 17:22:00,74513.83
2024-11-06 17:23:00,74506.82
2024-11-06 17:24:00,74599.04000000001
2024-11-06 17:25:00,74646.06
2024-11-06 17:26:00,74611.64
2024-11-06 17:27:00,74565.935
2024-11-06 17:28:00,74547.455
2024-11-06 17:29:00,74537.565
2024-11-06 17:30:00,74528.805
2024-11-06 17:31:00,74524.155
2024-11-06 17:32:00,74518.79000000001
2024-11-06 17:33:00,74505.28
2024-11-06 17:34:00,74503.255
2024-11-06 17:35:00,74540.0
2024-11-06 17:36:00,74587.99
2024-11-06 17:37:00,74581.83499999999
2024-11-06 17:38:00,74557.84
2024-11-06 17:39:00,74585.56
2024-11-06 17:40:00,74617.675
2024-11-06 17:41:00,74604.39
2024-11-06 17:42:00,74594.27
2024-11-06 17:43:00,74606.35500000001
2024-11-06 17:44:00,74594.36
2024-11-06 17:45:00,74583.945
2024-11-06 17:46:00,74545.34
2024-11-06 17:47:00,74474.39499999999
2024-11-06 17:48:00,74477.72
2024-11-06 17:49:00,74485.715
2024-11-06 17:50:00,74455.0
2024-11-06 17:51:00,74442.54000000001
2024-11-06 17:52:00,74451.58
2024-11-06 17:53:00,74478.715
2024-11-06 17:54:00,74466.255
2024-11-06 17:55:00,74449.565
2024-11-06 17:56:00,74444.98000000001
2024-11-06 17:57:00,74446.325
2024-11-06 17:58:00,74460.05
2024-11-06 17:59:00,74459.725
2024-11-06 18:00:00,74453.735
2024-11-06 18:01:00,74460.645
2024-11-06 18:02:00,74501.875
2024-11-06 18:03:00,74560.955
2024-11-06 18:04:00,74593.98999999999
2024-11-06 18:05:00,74624.995
2024-11-06 18:06:00,74672.995
2024-11-06 18:07:00,74688.995
2024-11-06 18:08:00,74698.995
2024-11-06 18:09:00,74789.995
2024-11-06 18:10:00,74845.995
2024-11-06 18:11:00,74838.015
2024-11-06 18:12:00,74873.545
2024-11-06 18:13:00,74855.26000000001
2024-11-06 18:14:00,74823.36
2024-11-06 18:15:00,74803.575
2024-11-06 18:16:00,74810.945
2024-11-06 18:17:00,74875.99
2024-11-06 18:18:00,74913.995
2024-11-06 18:19:00,74930.005
2024-11-06 18:20:00,74933.01
2024-11-06 18:21:00,74876.01
2024-11-06 18:22:00,74796.0
2024-11-06 18:23:00,74798.0
2024-11-06 18:24:00,74803.995
2024-11-06 18:25:00,74850.79000000001
2024-11-06 18:26:00,74911.79000000001
2024-11-06 18:27:00,74927.005
2024-11-06 18:28:00,74936.995
2024-11-06 18:29:00,74939.285
2024-11-06 18:30:00,74954.29500000001
2024-11-06 18:31:00,74956.70999999999
2024-11-06 18:32:00,74971.70999999999
2024-11-06 18:33:00,74963.985
2024-11-06 18:34:00,74931.725
2024-11-06 18:35:00,74902.14
2024-11-06 18:36:00,74867.845
2024-11-06 18:37:00,74808.295
2024-11-06 18:38:00,74792.315
2024-11-06 18:39:00,74834.455
2024-11-06 18:40:00,74888.505
2024-11-06 18:41:00,74960.74
2024-11-06 18:42:00,74989.49
2024-11-06 18:43:00,74994.25
2024-11-06 18:44:00,74993.995
2024-11-06 18:45:00,74956.305
2024-11-06 18:46:00,74946.08
2024-11-06 18:47:00,74980.775
2024-11-06 18:48:00,74995.995
2024-11-06 18:49:00,74999.09
2024-11-06 18:50:00,75035.455
2024-11-06 18:51:00,75075.35500000001
2024-11-06 18:52:00,75095.98999999999
2024-11-06 18:53:00,75094.525
2024-11-06 18:54:00,75105.54000000001
2024-11-06 18:55:00,75146.53
2024-11-06 18:56:00,75172.53
2024-11-06 18:57:00,75196.765
2024-11-06 18:58:00,75195.375
2024-11-06 18:59:00,75207.6
2024-11-06 19:00:00,75238.985
2024-11-06 19:01:00,75242.0
2024-11-06 19:02:00,75253.0
2024-11-06 19:03:00,75229.86
2024-11-06 19:04:00,75214.845
2024-11-06 19:05:00,75255.0
2024-11-06 19:06:00,75276.995
2024-11-06 19:07:00,75313.775
2024-11-06 19:08:00,75346.42
2024-11-06 19:09:00,75347.64
2024-11-06 19:10:00,75335.005
2024-11-06 19:11:00,75248.045
2024-11-06 19:12:00,75202.045
2024-11-06 19:13:00,75284.0
2024-11-06 19:14:00,75352.995
2024-11-06 19:15:00,75356.0
2024-11-06 19:16:00,75319.5
2024-11-06 19:17:00,75290.505
2024-11-06 19:18:00,75318.14
2024-11-06 19:19:00,75361.14499999999
2024-11-06 19:20:00,75345.005
2024-11-06 19:21:00,75328.955
2024-11-06 19:22:00,75358.92499999999
2024-11-06 19:23:00,75360.675
2024-11-06 19:24:00,75356.065
2024-11-06 19:25:00,75392.155
2024-11-06 19:26:00,75414.925
2024-11-06 19:27:00,75443.13500000001
2024-11-06 19:28:00,75447.12
2024-11-06 19:29:00,75365.13
2024-11-06 19:30:00,75321.985
2024-11-06 19:31:00,75318.985
2024-11-06 19:32:00,75247.005
2024-11-06 19:33:00,75150.01
2024-11-06 19:34:00,75076.01
2024-11-06 19:35:00,75054.005
2024-11-06 19:36:00,75114.64
2024-11-06 19:37:00,75196.65
2024-11-06 19:38:00,75248.0
2024-11-06 19:39:00,75209.61
2024-11-06 19:40:00,75197.61499999999
2024-11-06 19:41:00,75265.23999999999
2024-11-06 19:42:00,75346.735
2024-11-06 19:43:00,75407.5
2024-11-06 19:44:00,75439.0
2024-11-06 19:45:00,75483.88
2024-11-06 19:46:00,75481.63
2024-11-06 19:47:00,75496.235
2024-11-06 19:48:00,75526.61499999999
2024-11-06 19:49:00,75571.61
2024-11-06 19:50:00,75611.13500000001
2024-11-06 19:51:00,75625.64
2024-11-06 19:52:00,75659.495
2024-11-06 19:53:00,75670.23000000001
2024-11-06 19:54:00,75707.72
2024-11-06 19:55:00,75738.64
2024-11-06 19:56:00,75738.755
2024-11-06 19:57:00,75725.12
2024-11-06 19:58:00,75727.97
2024-11-06 19:59:00,75789.745
2024-11-06 20:00:00,75792.995
2024-11-06 20:01:00,75791.22
2024-11-06 20:02:00,75779.95000000001
2024-11-06 20:03:00,75692.945
2024-11-06 20:04:00,75606.26999999999
2024-11-06 20:05:00,75599.275
2024-11-06 20:06:00,75622.005
2024-11-06 20:07:00,75656.0
2024-11-06 20:08:00,75758.07500000001
2024-11-06 20:09:00,75833.345
2024-11-06 20:10:00,75864.285
2024-11-06 20:11:00,75928.265
2024-11-06 20:12:00,75940.88
2024-11-06 20:13:00,75939.63
2024-11-06 20:14:00,75959.985
2024-11-06 20:15:00,75960.0
2024-11-06 20:16:00,75978.89
2024-11-06 20:17:00,75953.505
2024-11-06 20:18:00,75909.91
2024-11-06 20:19:00,75874.59
2024-11-06 20:20:00,75900.295
2024-11-06 20:21:00,75890.64
2024-11-06 20:22:00,75835.285
2024-11-06 20:23:00,75794.505
2024-11-06 20:24:00,75775.85500000001
2024-11-06 20:25:00,75835.34
2024-11-06 20:26:00,75872.34
2024-11-06 20:27:00,75868.995
2024-11-06 20:28:00,75768.215
2024-11-06 20:29:00,75658.22
2024-11-06 20:30:00,75683.29000000001
2024-11-06 20:31:00,75676.29000000001
2024-11-06 20:32:00,75644.57
2024-11-06 20:33:00,75642.03
2024-11-06 20:34:00,75633.45999999999
2024-11-06 20:35:00,75636.43
2024-11-06 20:36:00,75618.445
2024-11-06 20:37:00,75600.405
2024-11-06 20:38:00,75576.015
2024-11-06 20:39:00,75537.61499999999
2024-11-06 20:40:00,75551.005
2024-11-06 20:41:00,75580.79500000001
2024-11-06 20:42:00,75559.775
2024-11-06 20:43:00,75590.83
2024-11-06 20:44:00,75694.35
2024-11-06 20:45:00,75768.07
2024-11-06 20:46:00,75753.045
2024-11-06 20:47:00,75736.48000000001
2024-11-06 20:48:00,75766.925
2024-11-06 20:49:00,75791.48999999999
2024-11-06 20:50:00,75803.015
2024-11-06 20:51:00,75758.435
2024-11-06 20:52:00,75770.26000000001
2024-11-06 20:53:00,75871.42
2024-11-06 20:54:00,76009.14499999999
2024-11-06 20:55:00,76218.075
2024-11-06 20:56:00,76367.08
2024-11-06 20:57:00,76336.32
2024-11-06 20:58:00,76227.195
2024-11-06 20:59:00,76140.87
2024-11-06 21:00:00,76030.995
2024-11-06 21:01:00,75980.005
2024-11-06 21:02:00,76062.01
2024-11-06 21:03:00,76048.0
2024-11-06 21:04:00,75915.995
2024-11-06 21:05:00,75901.995
2024-11-06 21:06:00,76000.945
2024-11-06 21:07:00,76016.945
2024-11-06 21:08:00,76000.995
2024-11-06 21:09:00,76032.99
2024-11-06 21:10:00,76079.99
2024-11-06 21:11:00,76096.6
2024-11-06 21:12:00,76083.27
2024-11-06 21:13:00,76071.67
2024-11-06 21:14:00,76060.33
2024-11-06 21:15:00,76082.83
2024-11-06 21:16:00,76096.17000000001
2024-11-06 21:17:00,76072.66
2024-11-06 21:18:00,75991.0
2024-11-06 21:19:00,75907.745
2024-11-06 21:20:00,75870.75
2024-11-06 21:21:00,75905.01
2024-11-06 21:22:00,75963.005
2024-11-06 21:23:00,75963.775
2024-11-06 21:24:00,75993.18
2024-11-06 21:25:00,75967.4
2024-11-06 21:26:00,75882.005
2024-11-06 21:27:00,75859.83
2024-11-06 21:28:00,75827.82999999999
2024-11-06 21:29:00,75787.07
2024-11-06 21:30:00,75762.7
2024-11-06 21:31:00,75733.685
2024-11-06 21:32:00,75762.81
2024-11-06 21:33:00,75789.265
2024-11-06 21:34:00,75793.805
2024-11-06 21:35:00,75825.285
2024-11-06 21:36:00,75770.055
2024-11-06 21:37:00,75696.06
2024-11-06 21:38:00,75717.94
2024-11-06 21:39:00,75757.935
2024-11-06 21:40:00,75743.985
2024-11-06 21:41:00,75697.20999999999
2024-11-06 21:42:00,75689.215
2024-11-06 21:43:00,75755.18
2024-11-06 21:44:00,75813.245
2024-11-06 21:45:00,75806.055
2024-11-06 21:46:00,75770.95
2024-11-06 21:47:00,75726.14499999999
2024-11-06 21:48:00,75740.195
2024-11-06 21:49:00,75770.0
2024-11-06 21:50:00,75786.515
2024-11-06 21:51:00,75794.08
2024-11-06 21:52:00,75792.33
2024-11-06 21:53:00,75822.76999999999
2024-11-06 21:54:00,75812.995
2024-11-06 21:55:00,75796.0
2024-11-06 21:56:00,75809.01000000001
2024-11-06 21:57:00,75820.005
2024-11-06 21:58:00,75854.0
2024-11-06 21:59:00,75887.995
2024-11-06 22:00:00,75932.0
2024-11-06 22:01:00,76001.995
2024-11-06 22:02:00,76024.455
2024-11-06 22:03:00,75984.94
2024-11-06 22:04:00,75958.465
2024-11-06 22:05:00,75932.98999999999
2024-11-06 22:06:00,75958.715
2024-11-06 22:07:00,75984.69
2024-11-06 22:08:00,75946.97
2024-11-06 22:09:00,75948.445
2024-11-06 22:10:00,75959.435
2024-11-06 22:11:00,75962.13500000001
2024-11-06 22:12:00,75888.14499999999
2024-11-06 22:13:00,75771.09
2024-11-06 22:14:00,75728.005
2024-11-06 22:15:00,75700.92
2024-11-06 22:16:00,75679.965
2024-11-06 22:17:00,75722.975
2024-11-06 22:18:00,75785.095
2024-11-06 22:19:00,75798.63
2024-11-06 22:20:00,75833.555
2024-11-06 22:21:00,75871.01
2024-11-06 22:22:00,75855.0
2024-11-06 22:23:00,75812.07500000001
2024-11-06 22:24:00,75778.07999999999
2024-11-06 22:25:00,75774.01
2024-11-06 22:26:00,75733.0
2024-11-06 22:27:00,75676.0
2024-11-06 22:28:00,75641.0
2024-11-06 22:29:00,75665.995
2024-11-06 22:30:00,75669.17
2024-11-06 22:31:00,75651.185
2024-11-06 22:32:00,75703.99
2024-11-06 22:33:00,75722.005
2024-11-06 22:34:00,75656.995
2024-11-06 22:35:00,75592.82
2024-11-06 22:36:00,75563.82
2024-11-06 22:37:00,75567.845
2024-11-06 22:38:00,75570.845
2024-11-06 22:39:00,75579.995
2024-11-06 22:40:00,75642.56
2024-11-06 22:41:00,75697.555
2024-11-06 22:42:00,75652.91
2024-11-06 22:43:00,75629.38500000001
2024-11-06 22:44:00,75642.045
2024-11-06 22:45:00,75634.575
2024-11-06 22:46:00,75629.005
2024-11-06 22:47:00,75652.38
2024-11-06 22:48:00,75756.04000000001
2024-11-06 22:49:00,75845.67
2024-11-06 22:50:00,75867.995
2024-11-06 22:51:00,75817.20000000001
2024-11-06 22:52:00,75744.205
2024-11-06 22:53:00,75783.86
2024-11-06 22:54:00,75808.36499999999
2024-11-06 22:55:00,75765.0
2024-11-06 22:56:00,75785.185
2024-11-06 22:57:00,75749.13
2024-11-06 22:58:00,75664.095
2024-11-06 22:59:00,75636.89
2024-11-06 23:00:00,75668.34
2024-11-06 23:01:00,75706.73999999999
2024-11-06 23:02:00,75670.85
2024-11-06 23:03:00,75605.375
2024-11-06 23:04:00,75580.185
2024-11-06 23:05:00,75617.01000000001
2024-11-06 23:06:00,75656.0
2024-11-06 23:07:00,75635.055
2024-11-06 23:08:00,75614.275
2024-11-06 23:09:00,75598.225
2024-11-06 23:10:00,75631.995
2024-11-06 23:11:00,75689.995
2024-11-06 23:12:00,75687.45000000001
2024-11-06 23:13:00,75642.45499999999
2024-11-06 23:14:00,75623.54999999999
2024-11-06 23:15:00,75623.54999999999
2024-11-06 23:16:00,75593.11
2024-11-06 23:17:00,75577.85
2024-11-06 23:18:00,75602.22
2024-11-06 23:19:00,75659.655
2024-11-06 23:20:00,75700.18
2024-11-06 23:21:00,75712.995
2024-11-06 23:22:00,75700.005
2024-11-06 23:23:00,75721.25
2024-11-06 23:24:00,75750.23
2024-11-06 23:25:00,75747.14499999999
2024-11-06 23:26:00,75761.4
2024-11-06 23:27:00,75777.20999999999
2024-11-06 23:28:00,75804.43
2024-11-06 23:29:00,75818.565
2024-11-06 23:30:00,75795.07500000001
2024-11-06 23:31:00,75719.505
2024-11-06 23:32:00,75661.845
2024-11-06 23:33:00,75672.35
2024-11-06 23:34:00,75664.88
2024-11-06 23:35:00,75639.87
2024-11-06 23:36:00,75651.89
2024-11-06 23:37:00,75653.975
2024-11-06 23:38:00,75636.61
2024-11-06 23:39:00,75615.22
2024-11-06 23:40:00,75621.695
2024-11-06 23:41:00,75620.625
2024-11-06 23:42:00,75586.67499999999
2024-11-06 23:43:00,75570.715
2024-11-06 23:44:00,75560.78
2024-11-06 23:45:00,75580.225
2024-11-06 23:46:00,75580.225
2024-11-06 23:47:00,75582.505
2024-11-06 23:48:00,75605.305
2024-11-06 23:49:00,75593.035
2024-11-06 23:50:00,75583.79999999999
2024-11-06 23:51:00,75579.79000000001
2024-11-06 23:52:00,75575.0
2024-11-06 23:53:00,75572.1
2024-11-06 23:54:00,75566.345
2024-11-06 23:55:00,75563.935
2024-11-06 23:56:00,75569.675
2024-11-06 23:57:00,75573.99
2024-11-06 23:58:00,75570.99
2024-11-06 23:59:00,75571.99
